id,app_or_website,customer_collects,customer_segmentation,is_a_repeat_order,lead_time,n_customer_notes,n_items_above_quantity_10,n_listed_addresses,n_listed_payment_methods,n_previous_cancelled_orders,n_previous_completed_orders,n_small_items,payment_type,slot_date,store_number,total_price,status
764,0,1,1,1,307.94124386264355,0.0,0.0,1.0,3,0.0,0.0,2.0,1,93,48,33.61475808547042,1
420,0,1,1,1,92.98160663293665,0.0,1.0,1.0,4,0.0,0.0,1.0,1,108,1,55.40095755884308,1
650,2,0,1,1,26.147605224205133,1.0,1.0,1.0,2,0.0,0.0,1.0,1,75,66,85.46256761351596,1
170,0,0,1,1,67.41100786881239,0.0,2.0,1.0,3,0.0,0.0,2.0,1,100,77,46.157735510055225,1
221,2,1,1,1,258.4651823361919,2.0,1.0,1.0,3,0.0,0.0,4.0,1,126,67,79.28207323845967,1
419,2,1,1,1,50.83907149726135,0.0,0.0,1.0,3,0.0,0.0,1.0,1,43,63,56.632021091181485,1
264,0,1,1,1,238.64854807792324,0.0,0.0,1.0,2,0.0,0.0,3.0,1,50,75,48.80522502076072,1
434,2,1,1,1,6.627032111789248,1.0,2.0,1.0,3,0.0,0.0,1.0,0,66,88,84.4827193636679,1
551,2,1,3,1,1.4265885737417712,2.0,0.0,1.0,4,0.0,0.0,1.0,1,104,56,85.8319202060643,1
999,0,1,1,1,38.98862076400775,1.0,0.0,1.0,3,0.0,0.0,1.0,1,125,93,40.78410635535322,1
348,0,1,1,1,105.663891347979,0.0,0.0,1.0,3,0.0,0.0,3.0,1,49,59,46.157735510055225,1
962,2,1,3,1,7.092845965618627,0.0,0.0,1.0,3,0.0,0.0,4.0,1,105,72,59.1115307017795,1
447,2,1,3,1,142.66214842831417,1.0,2.0,1.0,3,0.0,0.0,0.0,1,102,25,53.35103960283868,1
886,2,1,1,1,137.2722690842534,2.0,2.0,1.0,3,0.0,0.0,3.0,0,122,79,82.02948229565934,1
461,2,0,1,1,1.7725877146347837,1.0,0.0,1.0,3,0.0,0.0,3.0,1,7,5,78.58665050822567,1
123,2,1,3,1,79.7545980019538,1.0,0.0,2.0,3,0.0,0.0,1.0,1,125,76,72.21552848211424,1
728,2,1,1,1,10.314641409864477,3.0,2.0,2.0,3,0.0,0.0,1.0,1,25,49,89.8108654765611,1
162,2,1,1,1,24.93581963149452,3.0,1.0,1.0,3,0.0,0.0,1.0,1,33,38,78.58665050822567,1
155,0,1,3,1,9.043647612315183,0.0,2.0,1.0,2,0.0,0.0,2.0,1,65,69,56.09688344962229,1
988,2,1,3,1,51.22105095785007,1.0,1.0,1.0,3,0.0,0.0,4.0,1,7,92,54.13422561570999,1
910,2,0,1,1,66.8354412984588,1.0,1.0,1.0,3,0.0,0.0,2.0,1,12,84,46.44485977332929,1
994,0,1,1,1,31.111035464423605,0.0,1.0,1.0,3,0.0,0.0,2.0,1,23,46,46.157735510055225,1
329,3,2,1,0,2.665214307535937,0.0,1.0,1.0,0,0.0,1.0,0.0,1,96,47,52.99252167070896,1
753,2,1,1,1,11.11388444000979,3.0,0.0,1.0,2,0.0,0.0,4.0,1,83,2,57.63826422013785,1
912,0,1,1,1,35.0845407548294,0.0,0.0,1.0,3,0.0,0.0,3.0,1,69,35,46.157735510055225,1
894,2,1,1,1,23.529847605144088,1.0,2.0,1.0,3,0.0,0.0,1.0,1,39,3,83.4286900961829,1
657,0,1,1,1,156.4603284169875,0.0,0.0,1.0,3,0.0,0.0,3.0,1,106,39,42.40791340221634,1
484,3,0,1,0,6.304521130547878,0.0,0.0,1.0,0,0.0,4.0,1.0,1,106,12,41.8678098117921,1
371,2,1,3,1,174.18441457190815,0.0,0.0,1.0,4,0.0,0.0,4.0,1,105,29,52.846920729760285,1
153,2,1,3,1,18.57595591005091,1.0,0.0,1.0,3,0.0,0.0,2.0,1,78,33,91.07990928464594,1
958,3,1,1,0,3.222788107886991,1.0,2.0,1.0,0,5.0,51.0,1.0,1,81,10,40.78410635535322,1
672,2,1,1,1,3.6643580783252654,1.0,1.0,1.0,3,0.0,0.0,0.0,1,4,57,78.58665050822567,1
409,2,1,3,1,1.244790158937935,1.0,1.0,1.0,4,0.0,0.0,1.0,1,124,41,89.17759412521566,1
527,2,1,1,1,117.01240772759576,1.0,2.0,1.0,3,0.0,0.0,7.0,1,118,30,54.23781652391473,1
924,2,1,1,1,20.711513714868364,1.0,1.0,1.0,3,0.0,0.0,3.0,0,99,96,70.33063239821028,1
599,0,1,1,1,34.143911584423,0.0,0.0,1.0,3,0.0,0.0,3.0,1,57,20,51.42898851714119,1
430,2,1,3,1,85.51472575229312,0.0,0.0,1.0,4,0.0,0.0,1.0,1,0,27,96.88851087013104,1
514,2,1,1,1,174.9313379446626,3.0,0.0,1.0,3,0.0,0.0,3.0,1,69,38,54.4966494719206,1
518,2,1,1,1,54.860944630592016,1.0,0.0,1.0,3,0.0,0.0,1.0,1,93,6,55.89083434658451,1
920,2,1,3,1,71.01582950551402,1.0,2.0,1.0,4,0.0,0.0,5.0,0,101,18,92.24177218297022,1
543,2,1,1,1,15.207620480374228,0.0,2.0,1.0,3,0.0,0.0,3.0,1,120,49,43.87128351495704,1
298,2,1,1,1,11.427115410243353,1.0,0.0,1.0,3,0.0,0.0,1.0,1,73,58,74.18557739342863,1
402,2,2,1,1,4.121376779976224,1.0,0.0,2.0,3,0.0,0.0,2.0,1,62,62,92.97555515328315,1
81,2,1,3,1,114.95820383035252,0.0,0.0,1.0,3,0.0,0.0,1.0,1,66,99,61.41148019017746,1
212,2,1,1,1,104.80762474543924,0.0,1.0,2.0,3,0.0,0.0,1.0,1,124,62,50.40843790620239,1
491,2,1,4,1,39.65594186987527,0.0,1.0,1.0,3,0.0,0.0,4.0,1,12,19,66.85014580358455,1
580,2,1,1,1,127.31107495094416,1.0,0.0,1.0,3,0.0,0.0,1.0,1,45,47,54.79663876765317,1
91,2,1,1,1,59.302208347691256,0.0,0.0,1.0,3,0.0,0.0,3.0,1,85,46,43.87128351495704,1
109,0,1,1,1,92.11374655811667,0.0,0.0,1.0,3,0.0,0.0,1.0,1,79,15,54.03060159521941,1
296,2,1,3,1,17.41441976927496,1.0,1.0,1.0,3,0.0,0.0,3.0,1,22,26,62.03990464131864,1
476,2,1,3,1,94.5745156089798,1.0,2.0,1.0,3,0.0,0.0,5.0,0,20,27,99.84084299196984,1
581,2,1,1,1,98.063661214964,2.0,1.0,1.0,3,0.0,0.0,1.0,1,103,31,55.89083434658451,1
326,2,1,2,1,105.8844354781553,2.0,2.0,1.0,3,0.0,0.0,1.0,1,123,64,54.85867123618451,1
587,2,1,5,1,79.77885946815692,1.0,0.0,3.0,3,0.0,0.0,2.0,0,79,82,111.0959528234409,1
289,0,1,1,1,314.7327626047421,0.0,0.0,1.0,3,0.0,0.0,2.0,1,100,14,33.61475808547042,1
680,2,0,3,1,25.954240420220906,1.0,1.0,1.0,2,0.0,0.0,1.0,1,103,6,52.87812656200835,1
301,0,1,1,1,79.93999132427545,1.0,0.0,1.0,3,0.0,0.0,3.0,1,92,33,42.40791340221634,1
966,3,1,1,0,0.3744095248425906,1.0,1.0,1.0,0,0.0,11.0,0.0,1,89,51,40.78410635535322,1
347,2,1,1,1,10.27863244497954,0.0,0.0,1.0,2,0.0,0.0,1.0,1,78,66,69.24335323600516,1
612,0,1,1,1,37.40886764992163,0.0,0.0,1.0,3,0.0,0.0,3.0,1,50,26,61.71569030214479,1
47,2,1,3,1,0.1646209849232026,2.0,0.0,1.0,3,0.0,0.0,4.0,1,105,81,63.676929937127696,1
851,0,1,1,1,25.86564235638868,0.0,2.0,1.0,3,0.0,0.0,1.0,1,45,56,51.42898851714119,1
129,2,1,1,1,126.84030192627291,3.0,0.0,1.0,3,0.0,0.0,2.0,1,120,86,54.03060159521941,1
639,3,1,1,0,7.7083943525920064,1.0,0.0,1.0,0,0.0,1.0,1.0,1,43,20,40.78410635535322,1
767,0,1,3,1,4.184828603733564,0.0,2.0,1.0,2,0.0,0.0,1.0,1,18,88,64.24117034196198,1
891,0,1,1,1,36.87048061761894,0.0,0.0,1.0,2,0.0,0.0,3.0,1,50,17,56.61145454534141,1
898,0,1,1,1,36.50806302688197,0.0,0.0,1.0,3,0.0,0.0,3.0,1,50,33,61.71569030214479,1
799,2,1,3,1,83.8590235819159,2.0,2.0,1.0,3,0.0,0.0,3.0,1,58,12,72.57079681866622,1
813,0,1,1,1,23.11414482948756,0.0,2.0,1.0,3,0.0,0.0,1.0,1,46,10,51.42898851714119,1
403,2,0,1,1,214.03611344151204,1.0,2.0,1.0,3,0.0,0.0,5.0,1,57,67,54.52252146250021,1
592,0,1,1,1,52.87394356229815,0.0,1.0,1.0,3,0.0,0.0,3.0,1,82,4,42.40791340221634,1
130,3,1,1,0,29.63540852673121,0.0,0.0,1.0,0,0.0,0.0,2.0,1,100,13,51.42898851714119,1
423,2,1,2,1,34.30943395496448,1.0,2.0,3.0,1,0.0,0.0,0.0,1,25,86,71.35080098360487,1
589,0,1,1,1,48.7228041726576,0.0,0.0,1.0,3,0.0,0.0,2.0,1,21,42,74.18557739342863,1
754,0,1,1,1,36.12343816852075,1.0,2.0,1.0,3,0.0,0.0,1.0,1,4,88,42.13800524296774,1
120,2,1,3,1,26.34775915574815,1.0,0.0,1.0,3,0.0,0.0,3.0,1,78,11,68.28277875698875,1
385,3,1,4,0,4.234315496475134,0.0,1.0,1.0,0,0.0,0.0,3.0,1,26,22,98.99415848627366,1
517,0,1,1,1,1.3093471590557004,0.0,0.0,1.0,2,0.0,0.0,1.0,1,92,77,56.61145454534141,1
310,0,1,1,1,279.2808845148587,1.0,1.0,1.0,2,0.0,0.0,2.0,1,47,76,46.95457586793554,1
259,2,1,1,1,11.813831892039232,2.0,2.0,1.0,3,0.0,0.0,0.0,1,4,90,74.18557739342863,1
422,0,1,1,1,107.45660096212607,0.0,1.0,1.0,3,0.0,0.0,3.0,1,40,84,49.2002612542528,1
386,2,1,1,1,34.4089888036274,0.0,1.0,1.0,2,0.0,0.0,2.0,1,75,2,78.44062656666785,1
432,2,1,1,1,45.4283248075685,1.0,0.0,1.0,3,0.0,0.0,2.0,1,100,39,55.89083434658451,1
605,2,1,3,1,37.82723470800658,0.0,1.0,1.0,3,0.0,0.0,2.0,1,33,68,87.07711848459653,1
429,0,1,1,1,65.63757503852888,0.0,0.0,1.0,4,0.0,0.0,4.0,0,119,0,70.55865121983884,1
54,3,2,1,0,0.8681503801797353,0.0,0.0,1.0,0,0.0,1.0,1.0,1,90,79,52.99252167070896,1
606,2,1,2,1,291.8324543498241,1.0,2.0,1.0,3,0.0,0.0,4.0,1,60,47,49.76293396176134,1
801,2,1,3,1,21.55797874979788,1.0,0.0,1.0,3,0.0,0.0,3.0,1,78,40,68.28277875698875,1
995,2,1,1,1,9.84059449432126,2.0,1.0,1.0,3,0.0,0.0,2.0,1,86,21,63.066405878790896,1
871,2,1,1,1,17.13996229952162,0.0,2.0,1.0,3,0.0,0.0,4.0,1,101,13,58.35009645264586,1
292,3,1,1,0,4.3949854606959855,0.0,2.0,1.0,0,0.0,2.0,0.0,1,109,97,46.157735510055225,1
443,2,1,1,1,229.5343164203397,4.0,2.0,1.0,3,0.0,0.0,1.0,1,53,77,57.2792313903951,1
10,0,1,3,1,81.9638212351941,0.0,2.0,1.0,3,0.0,0.0,2.0,1,46,92,59.15236651638182,1
525,2,1,3,1,90.86251044091348,2.0,1.0,1.0,3,0.0,0.0,4.0,1,14,79,63.88357903856184,1
755,2,1,5,1,31.22407236356242,3.0,1.0,1.0,4,0.0,0.0,1.0,1,40,94,114.59880415888377,1
29,0,1,1,1,14.77850502076608,0.0,0.0,1.0,2,0.0,0.0,1.0,1,78,33,58.66202429346859,1
992,0,1,1,1,90.8965406588924,0.0,0.0,1.0,3,0.0,0.0,1.0,1,79,28,54.03060159521941,1
25,2,1,1,1,94.08647092708236,2.0,2.0,1.0,3,0.0,0.0,1.0,1,18,81,77.07551713923415,1
315,2,1,1,1,104.8231798001548,2.0,1.0,1.0,2,0.0,0.0,2.0,1,44,44,65.94900339173297,1
519,2,1,5,1,8.540996800211422,1.0,0.0,1.0,2,0.0,0.0,1.0,1,37,12,107.55127235771576,1
242,1,1,4,0,32.13420569483055,1.0,0.0,1.0,0,0.0,0.0,2.0,1,83,39,46.157735510055225,1
112,0,1,1,1,25.40252549158492,0.0,1.0,1.0,4,0.0,0.0,5.0,1,125,19,52.64400774225182,1
392,2,1,1,1,15.551367125707335,1.0,2.0,1.0,2,0.0,0.0,2.0,1,80,88,51.87278505079836,1
139,2,1,1,1,103.61282697175707,2.0,1.0,1.0,3,0.0,0.0,3.0,1,75,66,102.12694375684508,1
879,3,0,1,0,21.017269498911705,0.0,0.0,1.0,0,0.0,0.0,1.0,1,50,68,41.8678098117921,1
831,0,1,1,1,38.179752199785504,0.0,2.0,1.0,3,0.0,0.0,1.0,1,25,44,51.69012231290039,1
40,2,1,1,1,90.5594993069156,1.0,2.0,1.0,3,0.0,0.0,2.0,1,67,64,54.263709086906616,1
734,2,1,3,1,55.969225767845295,2.0,1.0,1.0,2,0.0,0.0,3.0,1,12,86,71.21722964033106,1
954,0,1,1,1,41.69202047471758,1.0,1.0,1.0,3,0.0,0.0,5.0,1,125,63,43.48472044988809,1
975,2,1,1,1,54.53467993923277,0.0,2.0,1.0,3,0.0,0.0,3.0,0,4,10,81.01375479522268,1
976,0,1,1,1,96.01301231910732,0.0,2.0,1.0,3,0.0,0.0,1.0,0,4,61,51.42898851714119,1
256,2,1,1,1,35.97710287934733,0.0,0.0,1.0,3,0.0,0.0,4.0,1,126,1,92.84780526350735,1
808,2,1,1,1,1.2113594254093247,2.0,0.0,1.0,2,0.0,0.0,1.0,1,29,38,100.49490715574709,1
93,2,1,1,1,37.814324678946974,2.0,2.0,1.0,3,0.0,0.0,2.0,1,87,65,53.20040729831208,1
545,2,1,1,1,3.8452611997313824,1.0,1.0,1.0,3,0.0,0.0,4.0,1,126,78,71.72161267437116,1
244,0,1,1,1,277.38335344620583,0.0,0.0,1.0,3,0.0,0.0,5.0,1,125,16,50.98455226724092,1
345,2,1,1,1,59.76187195064491,1.0,0.0,1.0,3,0.0,0.0,4.0,1,7,78,64.14047421146486,1
742,2,2,3,1,56.74840121524358,2.0,1.0,1.0,4,0.0,0.0,1.0,0,33,46,120.53311605340777,1
210,0,1,1,1,70.54634993923733,0.0,0.0,1.0,4,0.0,0.0,4.0,1,104,83,61.71569030214479,1
59,0,1,1,1,46.13506535672852,0.0,0.0,1.0,2,0.0,0.0,2.0,1,72,74,42.13800524296774,1
276,2,1,3,1,10.363011873268102,2.0,0.0,1.0,3,0.0,0.0,2.0,1,37,48,81.75399502254258,1
853,2,1,3,1,78.74607468630887,3.0,1.0,1.0,4,0.0,0.0,3.0,1,57,55,84.48752719046969,1
584,2,1,1,1,16.729818151139934,1.0,2.0,1.0,3,0.0,0.0,2.0,1,44,93,67.76921350963146,1
686,2,1,1,1,5.015715369795644,0.0,1.0,1.0,2,0.0,0.0,2.0,1,44,26,83.91025827718266,1
873,0,1,1,1,98.34832532716813,1.0,0.0,1.0,3,0.0,0.0,4.0,1,34,75,56.61145454534141,1
927,3,1,1,0,8.574356841736654,0.0,0.0,1.0,0,0.0,0.0,1.0,1,57,6,53.51198187585364,1
205,2,0,3,1,86.49696571663921,2.0,2.0,1.0,4,0.0,0.0,3.0,1,122,57,68.74592727043351,1
749,2,1,1,1,61.89768285469103,1.0,2.0,1.0,2,0.0,0.0,3.0,1,74,32,86.56024861132154,1
436,2,1,3,1,108.14992806402174,2.0,2.0,1.0,4,0.0,0.0,2.0,1,123,45,79.07306831290836,1
952,2,1,3,1,119.74622003815291,0.0,2.0,2.0,3,0.0,0.0,5.0,0,121,96,74.83866560708519,1
664,1,1,1,0,386.7430144950109,0.0,2.0,1.0,0,0.0,0.0,0.0,0,60,67,2.655238371001003,1
331,0,1,1,1,-0.0340184559883696,0.0,0.0,1.0,3,0.0,0.0,3.0,1,49,38,43.48472044988809,1
896,2,1,3,1,40.123790537681714,2.0,2.0,1.0,4,0.0,0.0,2.0,1,100,7,74.62762188535689,1
412,2,1,1,1,32.25139976672092,2.0,0.0,1.0,3,0.0,0.0,3.0,1,63,18,73.69389734560187,1
758,2,1,2,1,200.46270558538964,3.0,1.0,3.0,1,0.0,0.0,2.0,1,68,98,50.34027930881607,1
977,0,1,3,1,172.64401129687482,1.0,2.0,1.0,3,0.0,0.0,1.0,1,25,0,54.52252146250021,1
897,2,1,3,1,18.056418618642255,1.0,1.0,1.0,3,0.0,0.0,1.0,1,129,84,82.94665380988476,1
215,2,1,3,1,50.89512064626687,3.0,2.0,1.0,3,0.0,0.0,5.0,1,9,21,71.07371727204246,1
760,0,1,1,1,225.7161163792399,1.0,2.0,1.0,3,0.0,0.0,2.0,1,66,34,43.48472044988809,1
393,1,1,3,0,-97.0,2.0,1.0,1.0,0,0.0,0.0,2.0,1,23,80,0.0,1
69,2,1,1,1,28.49748878015138,0.0,0.0,1.0,3,0.0,0.0,3.0,1,62,33,73.69389734560187,1
727,0,1,1,1,27.14828512390048,0.0,0.0,1.0,3,0.0,0.0,3.0,1,56,76,51.42898851714119,1
800,2,1,1,1,3.502164539836204,0.0,2.0,1.0,3,0.0,0.0,0.0,1,53,67,69.24335323600516,1
716,2,1,1,1,35.5701495548626,1.0,1.0,1.0,3,0.0,0.0,2.0,1,65,18,73.69389734560187,1
714,2,1,3,1,28.35826143503118,2.0,2.0,1.0,4,0.0,0.0,1.0,1,32,20,86.2776651373537,1
846,2,1,3,1,35.604937931923075,3.0,0.0,1.0,3,0.0,0.0,2.0,1,79,52,83.4286900961829,1
596,0,1,1,1,47.87299907055397,0.0,0.0,1.0,3,0.0,0.0,2.0,1,21,14,74.18557739342863,1
471,2,1,3,1,3.245006037520213,2.0,0.0,1.0,4,0.0,0.0,3.0,1,99,99,86.94794954392027,1
117,2,0,1,1,51.15251784419517,1.0,0.0,1.0,3,0.0,0.0,3.0,1,41,40,68.6463697250727,1
191,0,1,1,1,47.94178208601793,0.0,1.0,1.0,3,0.0,0.0,3.0,1,71,83,65.24668648618487,1
236,0,1,1,1,74.23988118097073,0.0,0.0,1.0,3,0.0,0.0,2.0,1,100,43,46.157735510055225,1
398,0,1,3,1,120.86675003531082,0.0,0.0,1.0,3,0.0,0.0,3.0,1,35,47,63.52060845779979,1
772,2,1,1,1,201.6214405435715,3.0,0.0,2.0,3,0.0,0.0,4.0,1,69,94,50.00450439826214,1
970,2,1,1,1,29.424533789899527,1.0,2.0,1.0,3,0.0,0.0,0.0,1,32,11,63.78782876548828,1
5,2,1,5,1,99.65224377620066,0.0,1.0,2.0,3,0.0,0.0,3.0,0,61,38,117.16518654322614,0
869,0,0,1,1,271.0166455750536,1.0,0.0,1.0,3,0.0,0.0,3.0,1,28,33,59.8509515772859,1
196,2,1,1,1,0.0050672321489648,0.0,0.0,1.0,3,0.0,0.0,1.0,1,34,47,78.58178377870635,1
811,0,1,1,1,15.59448439548292,1.0,0.0,1.0,4,0.0,0.0,1.0,1,125,26,49.33182243095786,1
449,2,1,1,1,17.989312831754784,1.0,0.0,2.0,3,0.0,0.0,1.0,1,128,51,87.74636768725138,1
675,2,0,1,1,10.583376656098803,1.0,1.0,2.0,3,0.0,0.0,3.0,1,117,54,60.751489917542365,1
184,2,1,1,1,5.854901934481397,0.0,1.0,1.0,2,0.0,0.0,0.0,1,75,49,106.07237564449038,1
16,0,1,1,1,166.35838903847983,0.0,0.0,1.0,2,0.0,0.0,3.0,1,69,73,64.24117034196198,1
41,2,1,1,1,144.3203988410052,2.0,2.0,1.0,3,0.0,0.0,3.0,1,30,9,73.98897124464835,1
68,2,1,1,1,13.204992712380962,2.0,1.0,2.0,3,0.0,0.0,2.0,1,82,46,71.72161267437116,1
38,2,1,3,1,86.82558129004245,1.0,0.0,1.0,3,0.0,0.0,3.0,1,57,73,75.31437462503789,1
50,3,2,1,0,6.354125803108231,0.0,0.0,1.0,0,3.0,21.0,1.0,1,84,35,41.8678098117921,1
688,2,1,3,1,111.19348861560736,1.0,2.0,1.0,4,0.0,0.0,4.0,1,24,82,92.6442905645228,1
96,2,1,3,1,29.612798526224,1.0,1.0,1.0,3,0.0,0.0,0.0,1,18,39,83.62137334127559,1
374,0,1,1,1,99.1142552361393,0.0,0.0,1.0,3,0.0,0.0,4.0,1,119,68,46.157735510055225,1
730,2,1,3,1,75.41039612916418,1.0,2.0,2.0,3,0.0,0.0,0.0,1,39,86,57.52546572700426,1
783,0,1,1,1,1.2184383894035522,0.0,0.0,1.0,2,0.0,0.0,1.0,1,71,13,46.157735510055225,1
651,0,1,1,1,20.03202884600145,1.0,2.0,1.0,3,0.0,0.0,0.0,1,32,10,51.69012231290039,1
332,2,1,1,1,27.8794228820056,1.0,0.0,1.0,3,0.0,0.0,2.0,1,23,11,88.22387687576948,1
475,0,1,1,1,80.04198406518681,1.0,1.0,1.0,3,0.0,0.0,1.0,1,103,36,46.157735510055225,1
469,2,1,1,1,21.10720300663049,1.0,0.0,2.0,3,0.0,0.0,1.0,1,6,97,79.07306831290836,1
166,2,1,1,1,9.90992244628229,1.0,1.0,1.0,3,0.0,0.0,2.0,1,100,25,58.76423528558156,1
34,0,1,1,1,104.91805478925248,0.0,0.0,1.0,3,0.0,0.0,3.0,1,49,68,46.157735510055225,1
88,2,1,1,1,0.0622894903241123,2.0,0.0,1.0,3,0.0,0.0,1.0,1,119,3,58.150521024306194,1
516,2,1,1,1,25.888533365834267,1.0,0.0,1.0,3,0.0,0.0,4.0,1,105,81,53.20040729831208,1
914,0,1,1,1,4.328129779260194,0.0,0.0,1.0,2,0.0,0.0,1.0,1,114,71,43.48472044988809,1
802,0,1,1,1,31.721951303070565,0.0,1.0,1.0,2,0.0,0.0,5.0,1,125,5,39.8755458723523,1
442,0,1,1,1,377.3010015334931,1.0,0.0,1.0,3,0.0,0.0,2.0,0,51,20,66.75011988117477,1
515,2,1,3,1,129.83816811940687,2.0,0.0,1.0,3,0.0,0.0,3.0,1,36,60,78.82992247822678,1
220,2,1,1,1,124.22124110070632,4.0,2.0,1.0,3,0.0,0.0,1.0,0,11,53,90.5099234233776,1
553,2,1,1,1,349.1700204349588,0.0,0.0,1.0,2,0.0,0.0,1.0,1,104,8,45.03829086062573,0
588,0,1,1,1,83.94154571327111,0.0,2.0,1.0,3,0.0,0.0,1.0,1,109,89,46.157735510055225,1
774,2,1,5,1,39.8652069641474,2.0,0.0,1.0,3,0.0,0.0,3.0,1,27,27,111.0959528234409,1
18,2,1,1,1,68.16683068719007,1.0,2.0,1.0,3,0.0,0.0,1.0,1,67,14,57.43314854024935,1
893,2,0,1,1,47.87133632167154,2.0,0.0,1.0,3,0.0,0.0,2.0,1,72,52,57.74077628419597,1
953,0,1,1,1,18.95049584435796,1.0,1.0,1.0,3,0.0,0.0,2.0,1,26,90,56.61145454534141,1
401,2,1,1,1,24.42253202764408,0.0,2.0,1.0,2,0.0,0.0,1.0,1,95,90,48.91061994040599,1
179,0,1,1,1,47.20188391748933,0.0,2.0,1.0,3,0.0,0.0,1.0,1,4,83,44.69086154922319,1
258,0,1,1,1,36.80072170115401,0.0,0.0,1.0,3,0.0,0.0,3.0,1,50,87,61.71569030214479,1
33,2,1,1,1,297.8772749659458,2.0,0.0,1.0,3,0.0,0.0,3.0,1,125,26,47.90782574381023,1
895,0,1,1,1,23.84708252089932,0.0,0.0,2.0,3,0.0,0.0,1.0,0,118,80,75.16730217782391,1
913,0,1,1,1,56.955148523356094,0.0,1.0,1.0,3,0.0,0.0,2.0,1,82,93,46.157735510055225,1
843,2,1,1,1,62.02526245052244,1.0,0.0,1.0,3,0.0,0.0,3.0,1,8,31,64.14047421146486,1
744,2,1,1,1,96.88088507977496,1.0,0.0,1.0,3,0.0,0.0,2.0,1,49,21,68.6463697250727,1
935,0,1,1,1,31.054407635457107,0.0,1.0,1.0,2,0.0,0.0,2.0,1,23,47,43.48472044988809,1
428,2,1,1,1,69.78624791880195,2.0,2.0,2.0,3,0.0,0.0,1.0,1,123,98,64.14047421146486,1
602,0,1,1,1,75.8774634783704,1.0,0.0,1.0,3,0.0,0.0,2.0,1,105,42,46.157735510055225,1
750,2,1,1,1,13.780177442595402,1.0,1.0,1.0,2,0.0,0.0,0.0,1,75,32,80.35480754406477,1
355,2,1,3,1,41.70936576156984,2.0,0.0,1.0,4,0.0,0.0,4.0,1,6,56,80.14142439952701,1
243,2,1,1,1,25.93361305203525,0.0,4.0,1.0,2,0.0,0.0,10.0,1,110,50,46.05131783014185,1
965,2,1,3,1,58.54004855674473,1.0,0.0,1.0,3,0.0,0.0,2.0,1,15,3,83.62137334127559,1
344,2,2,1,1,96.7277661258205,3.0,1.0,1.0,3,0.0,0.0,3.0,1,61,32,59.23912697110367,1
114,2,1,0,1,10.152890232163063,2.0,0.0,1.0,4,0.0,0.0,3.0,1,22,61,147.40539915034717,1
526,2,1,3,1,103.22472458389556,0.0,0.0,1.0,4,0.0,0.0,1.0,1,104,74,72.21552848211424,1
359,3,2,1,0,2.448719778502824,1.0,2.0,1.0,0,0.0,3.0,0.0,1,60,48,41.8678098117921,1
394,0,1,1,1,40.67005771667424,0.0,1.0,1.0,3,0.0,0.0,5.0,1,125,2,43.48472044988809,1
103,2,1,1,1,22.27167489057722,1.0,2.0,1.0,2,0.0,0.0,0.0,1,39,59,71.7710298919414,1
357,0,1,1,2,27.284190615313666,2.0,0.0,1.0,3,0.0,12.0,1.0,1,34,29,46.157735510055225,1
341,0,1,1,1,255.10086060058137,1.0,0.0,1.0,3,0.0,0.0,2.0,1,2,3,44.69086154922319,1
798,2,1,1,1,9.44533593189512,1.0,0.0,1.0,3,0.0,0.0,2.0,1,41,94,88.70095132428825,1
701,0,1,1,1,15.86929854383177,2.0,0.0,1.0,4,0.0,0.0,1.0,1,125,29,54.03060159521941,1
951,2,1,1,1,304.56106936241474,0.0,1.0,1.0,3,0.0,0.0,2.0,1,72,9,53.51198187585364,0
189,0,0,1,1,37.35263345162709,0.0,0.0,1.0,3,0.0,0.0,3.0,1,50,64,61.71569030214479,1
27,2,1,2,1,105.39119776994843,2.0,2.0,1.0,3,0.0,0.0,1.0,1,123,47,54.85867123618451,1
145,2,1,1,1,7.230481502272819,3.0,0.0,2.0,3,0.0,0.0,1.0,1,7,36,62.74308395184665,1
809,2,1,3,1,32.376269296330626,1.0,1.0,1.0,3,0.0,0.0,2.0,1,44,64,69.87422186767746,1
424,0,1,1,1,243.9365720635187,1.0,1.0,1.0,4,0.0,0.0,3.0,1,127,64,96.29623485072948,1
876,2,2,1,1,1.5218707887838585,1.0,2.0,1.0,3,0.0,0.0,0.0,1,116,79,62.47512166820742,1
931,2,0,1,1,159.1299496810241,0.0,0.0,1.0,2,0.0,0.0,3.0,1,15,94,67.29995271691104,1
889,2,1,3,1,265.93854519187823,0.0,1.0,1.0,4,0.0,0.0,3.0,1,124,21,61.48755632403254,0
722,0,1,1,1,57.04445449384252,0.0,0.0,1.0,2,0.0,0.0,2.0,1,23,61,46.157735510055225,1
840,2,1,1,1,104.49813221963944,1.0,2.0,1.0,3,0.0,0.0,3.0,1,80,94,43.10834718476346,1
733,2,1,1,1,181.57588223988165,2.0,2.0,1.0,3,0.0,0.0,3.0,1,53,27,43.72102094787382,1
805,2,1,1,1,9.146629589285476,1.0,1.0,1.0,3,0.0,0.0,2.0,1,2,24,77.45132445880343,1
505,2,1,3,1,162.13829872136563,2.0,1.0,1.0,4,0.0,0.0,2.0,1,124,13,70.43474331270292,1
937,2,0,1,1,131.40153898711557,1.0,0.0,1.0,3,0.0,0.0,3.0,1,41,66,81.33805167438976,1
884,2,1,1,1,96.28734643640972,0.0,0.0,1.0,3,0.0,0.0,3.0,1,84,20,54.03060159521941,1
234,1,1,3,0,-52.0,1.0,0.0,1.0,0,0.0,0.0,1.0,1,16,68,0.0,1
928,0,1,1,1,334.0600821280101,0.0,0.0,1.0,2,0.0,0.0,3.0,1,50,75,35.47346588118821,1
844,1,1,3,0,310.77907670492806,2.0,0.0,2.0,0,0.0,0.0,2.0,1,78,83,7.198384934982044,1
803,3,1,1,0,0.2945148841430207,1.0,0.0,1.0,0,0.0,4.0,1.0,1,111,94,41.8678098117921,1
735,2,1,1,1,150.35052067058254,1.0,0.0,1.0,3,0.0,0.0,5.0,1,6,7,66.5800180985576,1
421,3,1,1,0,1.792682721828539,1.0,0.0,1.0,0,0.0,2.0,1.0,1,56,80,53.51198187585364,1
833,2,1,1,1,64.44009885654687,2.0,1.0,1.0,3,0.0,0.0,2.0,1,12,38,60.192098255848144,1
85,0,1,1,1,107.04499719778526,0.0,0.0,1.0,3,0.0,0.0,2.0,1,93,62,42.40791340221634,1
121,3,2,1,0,14.25404092871051,0.0,0.0,1.0,0,0.0,0.0,1.0,1,93,22,46.68921428270478,1
757,1,1,0,0,8.769632623987944,1.0,0.0,1.0,0,4.0,19.0,1.0,1,108,97,0.0,1
336,2,1,1,1,21.14295533087166,0.0,1.0,2.0,3,0.0,0.0,3.0,1,120,68,53.20040729831208,1
770,2,1,4,1,1.94121915845128,3.0,0.0,1.0,4,0.0,0.0,2.0,1,42,67,118.90109343551372,1
90,2,1,3,1,52.99287347214613,1.0,0.0,1.0,3,0.0,0.0,3.0,1,27,38,66.77012707497488,1
77,2,1,1,1,173.67523971000267,0.0,0.0,1.0,3,0.0,0.0,4.0,1,7,96,65.56288508970977,1
225,2,1,1,1,33.29856723655659,1.0,0.0,1.0,2,0.0,0.0,4.0,1,6,10,61.41148019017746,1
779,2,1,1,1,13.97407528603964,1.0,1.0,1.0,2,0.0,0.0,1.0,1,75,0,102.5924300564466,1
262,2,1,3,1,27.75627339054733,2.0,1.0,1.0,4,0.0,0.0,3.0,1,113,65,74.62762188535689,1
228,2,1,3,1,85.20385372945005,1.0,0.0,1.0,4,0.0,0.0,4.0,1,62,63,70.88064114881571,1
959,0,1,1,1,336.0114269759856,0.0,1.0,1.0,3,0.0,0.0,4.0,1,28,10,47.749171619580345,1
11,3,1,1,0,7.534276945444121,0.0,0.0,1.0,0,0.0,1.0,2.0,1,90,59,40.78410635535322,1
107,2,1,1,1,143.2959897590867,2.0,2.0,1.0,3,0.0,0.0,3.0,1,30,2,73.98897124464835,1
188,1,1,1,0,-0.6649221279515556,4.0,0.0,1.0,0,0.0,31.0,1.0,1,43,99,0.0,1
818,0,1,1,1,162.04708864063252,0.0,2.0,1.0,2,0.0,0.0,2.0,1,51,25,66.75011988117477,1
474,2,1,3,1,24.797119662040718,1.0,1.0,1.0,3,0.0,0.0,1.0,1,66,94,81.49770004380834,1
267,0,1,1,2,1.4794437943949852,1.0,2.0,1.0,3,1.0,0.0,0.0,1,18,16,61.71569030214479,1
669,0,1,1,1,21.6951808451476,1.0,0.0,1.0,4,0.0,0.0,3.0,1,20,46,71.22712525501093,1
438,0,1,1,1,337.6641609989029,1.0,1.0,1.0,3,0.0,0.0,2.0,1,44,22,54.37761187258993,1
19,0,1,1,1,90.93248710225056,0.0,1.0,1.0,2,0.0,0.0,2.0,1,37,97,46.157735510055225,1
633,2,1,3,1,59.73347697626326,0.0,0.0,1.0,4,0.0,0.0,2.0,1,8,92,80.14142439952701,1
73,0,1,1,1,66.22427943088185,0.0,1.0,1.0,3,0.0,0.0,2.0,1,100,42,46.157735510055225,1
356,0,1,1,1,314.90083992906114,0.0,0.0,1.0,3,0.0,0.0,2.0,1,100,73,33.61475808547042,1
39,0,1,1,1,58.29873028564232,0.0,0.0,1.0,3,0.0,0.0,2.0,1,79,15,46.157735510055225,1
52,2,1,1,1,149.58879384699105,1.0,2.0,1.0,3,0.0,0.0,0.0,1,32,1,54.79663876765317,1
269,0,1,3,1,32.63304096515552,0.0,0.0,1.0,3,0.0,0.0,3.0,1,6,16,54.52252146250021,1
80,2,1,3,1,7.645607611344758,1.0,0.0,1.0,3,0.0,0.0,2.0,1,28,38,100.02779199982304,1
739,2,1,3,1,2.3248707155794115,1.0,0.0,1.0,3,0.0,0.0,1.0,1,37,60,109.76321660539102,1
21,0,1,1,1,61.48787900394292,0.0,0.0,1.0,2,0.0,0.0,1.0,0,28,29,46.157735510055225,1
563,3,1,1,0,-0.225140917406565,0.0,0.0,1.0,0,0.0,0.0,1.0,1,34,5,88.70095132428825,1
260,2,1,1,1,31.308781190430675,1.0,2.0,1.0,2,0.0,0.0,3.0,1,74,84,75.10845966672949,1
736,3,1,1,0,1.4162016476391188,0.0,0.0,1.0,0,0.0,0.0,1.0,1,13,14,56.61145454534141,1
609,2,1,1,1,23.38035698137765,1.0,0.0,1.0,3,0.0,0.0,3.0,1,106,36,63.5710417751981,1
413,2,1,3,1,33.680847597201456,2.0,0.0,1.0,2,0.0,0.0,1.0,1,84,6,66.24961222639519,1
94,2,1,1,1,281.5415688985172,0.0,1.0,1.0,3,0.0,0.0,3.0,0,127,19,67.0501224374677,0
593,0,1,1,1,27.7354777218763,2.0,0.0,1.0,3,0.0,0.0,1.0,1,34,52,46.157735510055225,1
539,2,1,1,1,113.3429831157412,3.0,0.0,1.0,3,0.0,0.0,4.0,0,104,77,67.89891274263758,1
480,2,1,2,1,58.46584638019952,2.0,2.0,1.0,3,0.0,0.0,3.0,1,52,92,64.42235679016602,1
361,2,1,1,1,44.24686075785118,2.0,1.0,1.0,2,0.0,0.0,2.0,1,72,35,54.03060159521941,1
972,2,1,1,1,-0.9698379296884588,1.0,0.0,1.0,3,0.0,0.0,1.0,1,64,16,54.4966494719206,1
834,2,1,1,1,7.502120581839369,2.0,1.0,1.0,2,0.0,0.0,0.0,1,110,81,57.12524506439994,1
538,0,1,1,1,6.576023897183089,0.0,0.0,1.0,2,0.0,0.0,2.0,1,91,85,46.157735510055225,1
45,2,1,3,1,34.771369529210666,1.0,0.0,1.0,3,0.0,0.0,2.0,1,44,99,87.50744908772087,1
12,0,1,3,1,8.51891155959202,0.0,0.0,1.0,2,0.0,0.0,2.0,1,65,84,64.24117034196198,1
678,2,1,1,1,47.71605526710454,1.0,0.0,1.0,3,0.0,0.0,4.0,1,84,7,53.20040729831208,1
387,2,1,1,1,65.22732781216962,1.0,1.0,1.0,3,0.0,0.0,2.0,1,86,36,61.208533283227176,1
275,2,1,1,1,49.63287313543746,0.0,2.0,1.0,3,0.0,0.0,2.0,1,102,69,53.20040729831208,1
71,0,1,1,1,41.65401199141214,0.0,0.0,1.0,3,0.0,0.0,1.0,1,125,89,40.78410635535322,1
448,0,1,1,1,58.63052272625989,0.0,2.0,1.0,3,0.0,0.0,1.0,1,46,77,49.2002612542528,1
745,2,1,3,1,88.03201209895342,3.0,0.0,1.0,4,0.0,0.0,3.0,1,126,3,72.04766092050973,1
224,0,1,1,1,220.887813886822,0.0,1.0,1.0,3,0.0,0.0,1.0,1,129,35,44.171552622740144,1
521,2,1,1,1,35.07579274917992,3.0,2.0,1.0,3,0.0,0.0,1.0,1,46,72,78.0997260932108,1
192,0,1,1,1,33.57029741752384,0.0,2.0,1.0,3,0.0,0.0,2.0,1,25,67,49.2002612542528,1
899,2,1,1,1,105.80117379038356,1.0,1.0,1.0,4,0.0,0.0,1.0,1,124,13,56.801647518780285,1
169,2,1,1,1,23.90838408956479,1.0,2.0,1.0,2,0.0,0.0,1.0,1,116,30,61.208533283227176,1
231,2,1,1,1,107.18908125980109,1.0,2.0,1.0,3,0.0,0.0,2.0,1,81,82,52.732473012044245,1
302,2,1,1,1,58.94158207331659,1.0,0.0,1.0,2,0.0,0.0,2.0,1,107,13,56.81706390162497,1
239,2,1,1,1,57.14280059076403,1.0,0.0,1.0,3,0.0,0.0,3.0,1,91,69,55.89083434658451,1
724,2,1,3,1,193.0036129162737,1.0,0.0,1.0,4,0.0,0.0,4.0,1,126,41,69.59119481612893,1
841,0,1,1,1,58.329118094482816,0.0,0.0,1.0,2,0.0,0.0,1.0,1,79,80,48.80522502076072,1
576,0,1,1,1,188.48481186461203,0.0,1.0,1.0,3,0.0,0.0,2.0,1,89,79,39.08388615622847,1
414,0,1,3,1,129.17409148230246,0.0,2.0,1.0,3,0.0,0.0,3.0,1,17,22,59.14726229751833,1
826,2,1,1,1,15.375848259234694,2.0,2.0,1.0,3,0.0,0.0,1.0,1,87,26,59.00431422196376,1
79,2,1,1,1,12.828465291773814,2.0,2.0,1.0,3,0.0,0.0,1.0,1,52,45,88.70095132428825,1
704,0,0,1,1,10.24335085975868,0.0,2.0,1.0,2,0.0,0.0,3.0,1,74,65,58.66202429346859,1
925,2,1,3,1,101.16811235475733,2.0,0.0,1.0,3,0.0,0.0,2.0,1,79,99,81.23159014986058,1
76,2,1,3,1,1.2304251879343586,1.0,0.0,1.0,2,0.0,0.0,3.0,1,36,82,87.6747036194736,1
979,2,1,1,1,102.72742396363016,2.0,2.0,1.0,3,0.0,0.0,2.0,1,67,2,51.455111833244814,1
235,2,1,3,1,156.102666281889,0.0,0.0,1.0,4,0.0,0.0,3.0,1,125,7,70.43474331270292,1
57,2,1,5,1,27.84770056767317,2.0,0.0,3.0,3,0.0,0.0,2.0,1,37,45,118.49249780229232,1
399,0,1,1,1,61.33709761092215,2.0,2.0,1.0,4,0.0,0.0,3.0,1,80,5,55.40095755884308,1
318,2,1,1,1,5.380967305971812,1.0,0.0,1.0,2,0.0,0.0,2.0,1,105,40,46.2002911498227,1
670,0,1,1,1,40.71173592676109,0.0,1.0,1.0,3,0.0,0.0,5.0,1,125,1,43.48472044988809,1
241,2,1,3,1,13.308586401052136,0.0,1.0,1.0,3,0.0,0.0,3.0,1,124,49,68.74592727043351,1
797,0,1,1,1,5.852471279303256,0.0,2.0,1.0,3,0.0,0.0,2.0,1,102,94,42.40791340221634,1
938,3,0,4,0,105.4126083611652,0.0,1.0,1.0,0,0.0,0.0,2.0,1,65,12,64.7291725103614,1
986,2,1,1,1,45.26072650597679,2.0,0.0,1.0,2,0.0,0.0,1.0,1,91,17,52.15961000359484,1
989,0,1,1,1,37.79201745784982,0.0,0.0,1.0,3,0.0,0.0,3.0,1,50,33,61.71569030214479,1
792,2,1,1,1,98.3075366020936,1.0,2.0,1.0,3,0.0,0.0,1.0,1,67,5,54.34137440283568,1
901,2,1,1,1,11.62036311941766,0.0,0.0,1.0,3,0.0,0.0,1.0,1,36,84,80.62624839666336,1
257,2,1,1,1,19.750374687365397,1.0,0.0,1.0,3,0.0,0.0,1.0,1,43,20,78.58665050822567,1
815,3,1,4,0,3.736685405864483,0.0,1.0,1.0,0,0.0,0.0,3.0,1,26,16,98.99415848627366,1
209,2,1,1,1,50.00068704955514,2.0,1.0,1.0,2,0.0,0.0,2.0,1,86,4,52.15961000359484,1
115,0,0,1,1,-0.3275267042697862,0.0,0.0,1.0,2,0.0,0.0,1.0,1,49,40,69.24335323600516,1
945,2,2,1,1,86.58709205814485,0.0,2.0,2.0,3,0.0,0.0,0.0,1,123,35,74.67671075663941,1
182,0,1,1,1,125.19704403516876,0.0,0.0,1.0,4,0.0,0.0,1.0,1,94,64,55.40095755884308,1
560,2,1,5,1,0.773126499943618,0.0,0.0,3.0,3,0.0,0.0,1.0,1,127,67,111.14186095507849,1
74,2,1,3,1,78.30159002839433,1.0,0.0,1.0,3,0.0,0.0,3.0,1,8,93,83.62137334127559,1
144,2,1,1,1,39.46422841614846,2.0,0.0,1.0,2,0.0,0.0,3.0,1,83,16,53.20040729831208,1
710,2,1,1,1,48.711693309670366,2.0,1.0,1.0,3,0.0,0.0,4.0,1,82,50,53.20040729831208,1
836,2,1,3,1,82.58306311989514,1.0,1.0,1.0,3,0.0,0.0,3.0,1,124,30,62.02471344118706,1
631,2,1,1,1,55.76820201267695,0.0,1.0,1.0,3,0.0,0.0,5.0,1,12,27,68.72104015265066,1
510,2,1,3,1,57.17277530855922,0.0,1.0,1.0,3,0.0,0.0,2.0,0,128,99,158.32373922025502,0
582,2,1,1,1,22.579854802260343,2.0,0.0,1.0,3,0.0,0.0,3.0,1,22,34,88.22387687576948,1
832,2,1,1,1,73.82005908608512,2.0,1.0,1.0,3,0.0,0.0,3.0,1,68,30,54.14976636081614,1
762,0,1,1,1,76.14323729550138,0.0,0.0,1.0,3,0.0,0.0,4.0,1,6,12,53.90102487837216,1
311,2,1,4,1,30.228861583790053,0.0,1.0,1.0,3,0.0,0.0,3.0,1,19,77,77.86582120165501,1
408,1,1,1,0,7.366164902002668,0.0,0.0,1.0,0,0.0,0.0,2.0,1,78,3,0.0,1
445,2,1,1,1,84.34360494128009,0.0,1.0,1.0,2,0.0,0.0,1.0,1,101,35,58.150521024306194,1
882,2,1,3,1,232.110361795288,2.0,1.0,1.0,4,0.0,0.0,2.0,1,103,95,64.59339895783923,1
740,2,1,3,1,59.35247091812758,1.0,2.0,1.0,4,0.0,0.0,2.0,1,102,45,68.74592727043351,1
3,0,1,1,1,43.69862023860157,0.0,2.0,1.0,3,0.0,0.0,2.0,1,25,18,51.69012231290039,1
507,2,1,1,1,239.20551974763308,2.0,1.0,1.0,3,0.0,0.0,3.0,1,64,89,54.52252146250021,1
131,0,1,1,1,61.10825891756261,0.0,2.0,1.0,3,0.0,0.0,1.0,1,87,81,46.157735510055225,1
948,0,1,1,1,7.865839772911237,2.0,1.0,1.0,3,0.0,0.0,2.0,1,23,4,72.21552848211424,1
632,0,1,1,1,268.15805937362546,0.0,2.0,1.0,3,0.0,0.0,3.0,1,46,5,49.2002612542528,1
915,2,1,1,1,61.4452152524232,2.0,0.0,1.0,3,0.0,0.0,3.0,1,90,82,55.89083434658451,1
61,2,1,3,1,29.68692410321537,3.0,0.0,1.0,4,0.0,0.0,2.0,1,42,11,108.03578622237131,1
956,2,2,1,1,12.082280949613498,3.0,0.0,2.0,3,0.0,0.0,2.0,0,35,80,103.2574575198946,1
263,2,1,1,1,5.032213851570961,1.0,1.0,1.0,3,0.0,0.0,2.0,1,40,6,88.70095132428825,1
105,0,1,3,1,63.623296727424254,0.0,1.0,1.0,3,0.0,0.0,4.0,1,56,1,57.2792313903951,1
495,2,1,3,1,117.878483503066,2.0,2.0,1.0,3,0.0,0.0,3.0,1,53,15,75.31437462503789,1
143,0,1,4,1,14.303357500047449,0.0,1.0,1.0,4,0.0,0.0,5.0,1,125,46,79.07306831290836,1
48,2,1,3,1,52.2041598964054,3.0,1.0,1.0,4,0.0,0.0,3.0,1,78,6,76.36698985947264,1
973,2,1,1,1,20.321931434441733,2.0,0.0,1.0,3,0.0,0.0,3.0,1,92,88,61.208533283227176,1
98,2,1,1,1,56.92873740916924,1.0,2.0,1.0,3,0.0,0.0,2.0,1,100,72,53.20040729831208,1
634,2,1,1,1,62.07280588469663,2.0,2.0,1.0,3,0.0,0.0,1.0,1,10,0,64.14047421146486,1
368,0,1,1,1,40.32068574218774,0.0,2.0,1.0,3,0.0,0.0,2.0,1,94,16,42.40791340221634,1
528,2,1,1,1,19.10513845784582,1.0,0.0,1.0,2,0.0,0.0,1.0,1,97,61,57.12524506439994,1
389,0,0,3,1,60.73760094580109,0.0,1.0,1.0,2,0.0,0.0,0.0,1,117,46,47.85495077076381,1
598,1,0,1,0,0.1282626670089296,0.0,2.0,1.0,0,0.0,0.0,0.0,1,25,42,0.0,1
852,2,1,1,1,193.94077468267983,2.0,1.0,1.0,3,0.0,0.0,3.0,0,99,70,62.34865757917944,1
44,0,1,1,1,55.16368445770444,0.0,1.0,1.0,3,0.0,0.0,2.0,1,82,41,46.157735510055225,1
614,2,1,3,1,20.458050424538044,2.0,1.0,1.0,3,0.0,0.0,4.0,1,119,12,57.58699675752813,1
250,2,1,1,1,36.55192096292992,1.0,2.0,1.0,3,0.0,0.0,2.0,1,116,97,53.20040729831208,1
185,0,1,1,1,69.63992440512088,0.0,0.0,1.0,3,0.0,0.0,3.0,1,7,22,49.2002612542528,1
381,2,0,2,1,17.900642469164602,1.0,1.0,3.0,3,0.0,0.0,2.0,1,16,39,81.49770004380834,1
284,0,1,1,1,166.99693059866476,0.0,0.0,1.0,2,0.0,0.0,2.0,1,42,30,47.85495077076381,1
865,2,1,1,1,51.22204198329286,2.0,1.0,1.0,3,0.0,0.0,1.0,1,33,4,77.07551713923415,1
824,2,1,1,1,5.165215833462173,1.0,2.0,1.0,3,0.0,0.0,3.0,1,128,17,67.24999911839538,1
857,2,1,1,1,6.510231603959232,2.0,0.0,1.0,3,0.0,0.0,1.0,1,7,3,62.74308395184665,1
464,0,1,1,1,334.97537384819844,0.0,0.0,1.0,2,0.0,0.0,3.0,1,50,86,48.80522502076072,1
462,2,1,5,1,-0.0549071192648995,0.0,0.0,3.0,3,0.0,0.0,1.0,1,108,70,108.3816430740783,1
82,2,1,1,1,130.60411962417132,2.0,0.0,1.0,3,0.0,0.0,2.0,1,93,80,54.03060159521941,1
335,2,1,1,1,0.8032450205643931,2.0,0.0,1.0,2,0.0,0.0,1.0,1,50,68,74.18557739342863,1
839,2,1,1,1,15.064604709118193,1.0,0.0,1.0,3,0.0,0.0,1.0,1,87,67,61.71569030214479,1
350,2,1,1,1,230.2264730192369,1.0,1.0,1.0,3,0.0,0.0,2.0,1,9,53,57.2792313903951,1
281,2,1,1,1,38.67390025267673,1.0,0.0,2.0,3,0.0,0.0,1.0,1,125,99,75.65735632309772,1
713,2,1,1,1,0.132643246217512,1.0,0.0,1.0,3,0.0,0.0,1.0,1,36,66,62.32335960886832,1
572,2,1,3,1,3.612624303020025,0.0,0.0,1.0,4,0.0,0.0,2.0,1,6,29,95.80690929923988,1
723,0,1,3,1,6.87823932151511,0.0,0.0,1.0,2,0.0,0.0,4.0,1,63,96,64.24117034196198,1
152,0,1,3,1,71.19449597250153,0.0,1.0,1.0,2,0.0,0.0,1.0,0,59,19,72.46227364564056,1
222,2,1,3,1,49.94550544084349,1.0,1.0,1.0,3,0.0,0.0,3.0,1,85,14,45.95018312651697,1
316,2,1,3,1,45.52775029223425,2.0,0.0,1.0,4,0.0,0.0,3.0,1,71,91,73.98897124464835,1
961,2,0,3,1,57.195046661343966,2.0,0.0,1.0,4,0.0,0.0,2.0,1,107,31,72.21552848211424,1
104,2,1,3,1,87.73957628897156,3.0,2.0,1.0,3,0.0,0.0,2.0,1,45,46,75.31437462503789,1
490,3,1,1,0,23.289040064179783,0.0,1.0,1.0,0,0.0,2.0,0.0,1,40,87,56.61145454534141,1
568,0,1,1,1,100.25944241380768,1.0,0.0,1.0,3,0.0,0.0,4.0,0,35,15,79.07306831290836,1
868,2,1,3,1,34.62513310682236,1.0,1.0,1.0,3,0.0,0.0,3.0,1,33,70,56.69885374717987,1
974,2,1,3,1,83.23639482801097,2.0,0.0,1.0,3,0.0,0.0,4.0,1,56,16,75.31437462503789,1
149,2,2,1,1,25.83272475321736,2.0,1.0,1.0,3,0.0,0.0,3.0,1,22,27,91.31722597483991,1
229,0,1,1,1,37.19943076118967,0.0,1.0,1.0,3,0.0,0.0,0.0,1,32,51,51.69012231290039,1
106,2,1,1,1,54.41455432567993,2.0,1.0,1.0,3,0.0,0.0,1.0,1,103,35,55.89083434658451,1
548,2,1,3,1,64.18364147677369,4.0,1.0,1.0,4,0.0,0.0,2.0,1,68,27,72.95534167256804,1
623,2,1,1,1,17.727402874878532,0.0,0.0,1.0,3,0.0,0.0,3.0,1,106,36,63.5710417751981,1
207,2,2,1,1,9.21155483978658,3.0,0.0,1.0,3,0.0,0.0,1.0,1,15,77,92.50225895849412,1
703,3,1,1,0,15.744860332609736,0.0,2.0,1.0,0,0.0,0.0,1.0,1,39,90,56.61145454534141,1
732,2,1,1,1,142.66431731500114,1.0,1.0,1.0,3,0.0,0.0,2.0,1,12,8,72.6595682426936,1
365,3,2,1,0,0.696508079721111,0.0,0.0,1.0,0,3.0,43.0,3.0,1,13,28,41.8678098117921,1
968,2,1,3,1,84.3183421515346,2.0,0.0,1.0,4,0.0,0.0,2.0,1,44,55,84.48752719046969,1
165,0,1,1,1,191.56521065362975,0.0,0.0,1.0,3,0.0,0.0,3.0,1,1,95,59.17278265513691,1
523,0,1,1,1,30.756701803901944,0.0,1.0,1.0,3,0.0,0.0,2.0,1,23,11,46.157735510055225,1
743,2,1,1,1,34.41088508650409,2.0,2.0,1.0,3,0.0,0.0,1.0,1,32,84,67.74925608822006,1
20,2,1,3,1,2.5630918962756253,2.0,0.0,1.0,3,0.0,0.0,2.0,1,37,88,111.83009978403312,1
410,3,1,1,0,11.922630509008917,0.0,1.0,1.0,0,0.0,0.0,1.0,1,110,2,48.27767928188303,1
748,0,1,1,1,59.23134643818309,0.0,1.0,1.0,3,0.0,0.0,1.0,1,87,12,46.157735510055225,1
488,2,1,1,1,52.25418514722397,1.0,2.0,1.0,3,0.0,0.0,4.0,1,81,71,53.20040729831208,1
812,0,1,1,1,72.22891926025811,0.0,2.0,1.0,3,0.0,0.0,1.0,1,95,11,46.157735510055225,1
825,2,1,3,1,20.89633203091932,2.0,1.0,1.0,3,0.0,0.0,3.0,1,47,83,90.60496295711776,1
194,2,1,1,1,54.27030836461534,1.0,2.0,1.0,3,0.0,0.0,3.0,1,92,45,42.445677756362805,1
562,2,1,1,1,35.099144374493,1.0,0.0,1.0,3,0.0,0.0,4.0,1,84,82,53.20040729831208,1
126,3,1,1,0,13.254311367973925,1.0,0.0,1.0,0,0.0,4.0,2.0,1,97,12,46.157735510055225,1
498,0,1,1,1,4.5945537865254975,0.0,0.0,1.0,2,0.0,0.0,1.0,1,114,21,43.48472044988809,1
980,2,1,3,1,117.392079253313,0.0,0.0,1.0,4,0.0,0.0,1.0,1,66,25,70.88064114881571,1
993,0,1,1,1,261.2039127621242,0.0,2.0,1.0,3,0.0,0.0,1.0,1,88,66,42.40791340221634,1
494,0,0,1,1,17.79462967499156,0.0,1.0,1.0,3,0.0,0.0,0.0,1,109,45,48.80522502076072,1
819,0,1,1,1,74.39822053134486,0.0,2.0,1.0,3,0.0,0.0,2.0,1,24,7,49.2002612542528,1
397,2,1,3,1,62.88592289247594,3.0,1.0,1.0,3,0.0,0.0,4.0,1,21,53,83.62137334127559,1
906,3,2,1,0,5.652664616901243,1.0,0.0,1.0,0,0.0,3.0,3.0,1,34,71,41.8678098117921,1
274,2,1,3,1,88.46526144460597,1.0,2.0,1.0,4,0.0,0.0,3.0,1,120,51,68.74592727043351,1
845,3,1,1,0,14.979985315918366,0.0,0.0,1.0,0,0.0,0.0,1.0,1,50,58,40.78410635535322,1
102,0,1,1,1,35.76150730179987,0.0,0.0,1.0,2,0.0,0.0,3.0,1,50,21,56.61145454534141,1
24,2,1,1,1,7.823507649619325,2.0,1.0,1.0,2,0.0,0.0,0.0,1,89,73,60.70067185643273,1
908,2,1,1,1,10.98075246513225,2.0,1.0,1.0,3,0.0,0.0,2.0,1,93,38,63.5710417751981,1
66,0,1,1,1,32.47353873142149,1.0,1.0,1.0,3,0.0,0.0,5.0,1,125,25,43.48472044988809,1
940,2,1,3,1,55.6289404216772,2.0,2.0,1.0,4,0.0,0.0,2.0,1,2,11,89.65380833001775,1
685,2,1,3,1,185.34710155408447,0.0,1.0,1.0,3,0.0,0.0,2.0,1,114,97,60.95469110244672,1
784,0,1,1,1,36.17662776669465,0.0,0.0,1.0,2,0.0,0.0,3.0,1,50,1,56.61145454534141,1
319,2,1,1,1,4.164752193710729,1.0,2.0,1.0,3,0.0,0.0,1.0,1,32,21,98.15562712039235,1
349,3,2,1,0,27.990534816639137,1.0,0.0,1.0,0,0.0,7.0,1.0,1,49,62,58.150521024306194,1
362,2,1,1,1,103.09961513817083,2.0,1.0,1.0,2,0.0,0.0,3.0,1,75,36,100.96165645942972,1
320,2,1,1,1,162.06186095711675,0.0,2.0,1.0,2,0.0,0.0,2.0,1,51,30,66.75011988117477,1
777,2,1,3,1,30.29723739988601,1.0,2.0,1.0,4,0.0,0.0,0.0,1,95,30,85.8319202060643,1
0,0,1,1,1,322.3108245195808,0.0,0.0,1.0,3,0.0,0.0,2.0,1,107,69,33.61475808547042,1
452,3,2,1,0,0.0391205779201897,1.0,0.0,1.0,0,0.0,0.0,1.0,1,113,55,32.49027363804832,1
575,0,1,3,1,139.00574944993502,0.0,1.0,1.0,3,0.0,0.0,1.0,1,12,33,54.52252146250021,1
373,0,1,1,1,49.79282729322732,0.0,1.0,1.0,3,0.0,0.0,2.0,1,72,44,65.24668648618487,1
181,2,1,1,1,7.739665720003369,1.0,1.0,1.0,3,0.0,0.0,2.0,1,117,14,57.12524506439994,1
36,2,1,1,1,53.16985379001112,1.0,2.0,1.0,3,0.0,0.0,4.0,1,81,3,53.20040729831208,1
125,2,1,1,1,230.48832084968856,1.0,1.0,1.0,3,0.0,0.0,3.0,1,110,45,50.3560095807982,1
624,0,1,1,1,164.07447627293502,0.0,2.0,1.0,3,0.0,0.0,5.0,1,41,51,50.00450439826214,1
964,2,1,1,1,20.904906088571277,1.0,0.0,1.0,2,0.0,0.0,2.0,1,63,1,56.85817083841612,1
828,1,1,1,0,11.355038274986606,0.0,0.0,1.0,0,1.0,0.0,2.0,0,41,53,0.0,1
944,0,1,1,1,18.32462145324164,0.0,2.0,1.0,3,0.0,0.0,5.0,1,88,57,42.40791340221634,1
942,2,1,1,1,39.12731368969681,0.0,1.0,1.0,2,0.0,0.0,0.0,1,32,63,74.0381309987856,1
827,2,1,1,1,60.56298260637679,3.0,2.0,1.0,3,0.0,0.0,2.0,1,121,35,53.20040729831208,1
167,3,0,1,0,2.026173426909621,0.0,0.0,1.0,0,0.0,0.0,1.0,1,64,22,46.157735510055225,1
520,2,1,3,1,29.79910953189587,2.0,0.0,1.0,3,0.0,0.0,3.0,1,42,25,87.50744908772087,1
817,0,1,3,1,4.7224656717718245,0.0,0.0,1.0,2,0.0,0.0,2.0,1,48,77,64.24117034196198,1
405,1,1,2,0,14.047324226659835,1.0,1.0,2.0,0,0.0,5.0,0.0,1,19,56,0.0,1
738,2,1,1,1,0.5932068119604228,1.0,0.0,1.0,2,0.0,0.0,1.0,1,27,71,92.97555515328315,1
31,2,1,3,1,8.78463022768243,2.0,2.0,1.0,3,0.0,0.0,2.0,1,107,83,59.1115307017795,1
67,0,1,1,1,25.62669767728586,0.0,2.0,1.0,3,0.0,0.0,2.0,1,46,75,51.42898851714119,1
547,0,1,1,1,74.8741626114864,0.0,1.0,1.0,3,0.0,0.0,2.0,1,107,79,46.157735510055225,1
60,2,1,1,1,9.125693296919824,0.0,2.0,1.0,3,0.0,0.0,3.0,1,101,29,53.81806848353668,1
694,2,1,1,1,136.27022652848996,0.0,0.0,1.0,2,0.0,0.0,2.0,1,2,91,54.4966494719206,1
240,2,1,3,1,20.442883018837,1.0,0.0,1.0,2,0.0,0.0,4.0,1,126,87,74.84847915951605,1
291,2,1,1,1,183.82097642195265,2.0,1.0,1.0,3,0.0,0.0,3.0,1,54,80,54.4966494719206,1
706,0,1,1,1,90.48362392053834,0.0,1.0,1.0,3,0.0,0.0,2.0,1,37,63,48.80522502076072,1
187,2,1,3,1,68.18747533890333,2.0,0.0,1.0,3,0.0,0.0,3.0,1,55,52,75.31437462503789,1
536,2,1,1,1,35.904000733595,2.0,2.0,1.0,3,0.0,0.0,3.0,1,32,33,71.14795387333498,1
594,2,1,1,1,30.961932663895183,1.0,0.0,1.0,3,0.0,0.0,2.0,1,22,51,61.53319444063856,1
867,0,1,1,1,104.59122618291718,0.0,0.0,1.0,3,0.0,0.0,3.0,1,49,14,46.157735510055225,1
967,2,1,1,1,179.9343490462588,2.0,0.0,1.0,3,0.0,0.0,4.0,1,63,44,41.591912013027454,1
37,3,2,3,0,13.75556504971262,1.0,0.0,1.0,0,0.0,6.0,1.0,1,35,22,68.74592727043351,1
9,2,1,2,1,215.86303622923197,3.0,2.0,3.0,1,0.0,0.0,3.0,1,60,58,50.81706784228022,1
426,2,1,3,1,81.77150729770337,1.0,2.0,1.0,2,0.0,0.0,2.0,1,74,22,82.27100972535526,1
849,2,2,3,1,141.1524849380702,2.0,1.0,1.0,4,0.0,0.0,2.0,1,12,42,92.6442905645228,1
835,2,1,2,1,257.8700518009631,3.0,2.0,2.0,2,0.0,0.0,5.0,1,126,17,45.31057741904597,1
671,0,1,3,1,40.34688689163272,0.0,0.0,1.0,3,0.0,0.0,3.0,1,48,32,57.2792313903951,1
391,1,1,1,0,4.817653227804158,4.0,0.0,1.0,0,0.0,4.0,2.0,1,0,40,0.0,1
668,0,1,1,1,46.52867300323778,0.0,2.0,1.0,3,0.0,0.0,2.0,1,80,20,46.157735510055225,1
917,0,1,1,1,34.882500579284525,0.0,0.0,1.0,3,0.0,0.0,3.0,1,56,80,51.42898851714119,1
766,2,1,3,1,55.27544552013646,1.0,1.0,1.0,3,0.0,0.0,2.0,1,9,39,70.88064114881571,1
367,0,1,1,1,157.66969870255346,2.0,2.0,1.0,3,0.0,0.0,2.0,1,4,84,49.2002612542528,1
648,0,1,1,1,105.19006458099724,0.0,0.0,1.0,2,0.0,0.0,3.0,1,49,18,43.48472044988809,1
324,3,2,1,0,7.015015891762432,0.0,0.0,1.0,0,3.0,20.0,1.0,1,77,10,41.8678098117921,1
863,2,1,3,1,267.4466335117216,0.0,1.0,1.0,4,0.0,0.0,1.0,1,129,77,69.98837127799601,0
460,0,1,1,1,276.8112862110367,1.0,2.0,1.0,3,0.0,0.0,5.0,0,12,13,53.584638989242286,1
771,2,1,0,1,6.793098005475168,1.0,0.0,1.0,2,0.0,0.0,0.0,1,47,27,0.0,1
133,2,1,1,1,120.49672046760288,1.0,2.0,1.0,3,0.0,0.0,2.0,1,31,91,73.98897124464835,1
616,3,2,1,0,13.094212798522276,0.0,1.0,1.0,0,0.0,1.0,2.0,1,12,79,41.8678098117921,1
132,2,1,3,1,78.88003402461946,2.0,0.0,1.0,3,0.0,0.0,3.0,1,125,17,66.70009749694911,1
712,0,1,1,1,36.16421808373109,0.0,0.0,1.0,3,0.0,0.0,3.0,1,50,50,61.71569030214479,1
950,3,1,1,0,5.140169250594518,0.0,0.0,1.0,0,0.0,0.0,1.0,1,63,84,61.71569030214479,1
936,2,1,1,1,22.2184410144194,3.0,0.0,1.0,3,0.0,0.0,1.0,1,7,53,70.23641452071125,1
700,2,1,2,1,92.26447180920827,2.0,1.0,3.0,1,0.0,0.0,1.0,1,66,80,49.59476966359267,1
227,2,1,1,1,81.14441888850355,1.0,0.0,2.0,3,0.0,0.0,4.0,0,105,15,85.13616261532752,1
147,0,1,1,1,13.317515382355207,0.0,1.0,1.0,2,0.0,0.0,2.0,1,86,82,46.157735510055225,1
529,0,1,1,1,16.10254331261593,0.0,0.0,1.0,2,0.0,0.0,3.0,1,84,52,46.157735510055225,1
691,0,1,1,1,64.8214334742211,1.0,2.0,1.0,3,0.0,0.0,1.0,1,60,66,49.2002612542528,1
585,0,1,1,1,57.5755922645745,0.0,0.0,1.0,3,0.0,0.0,3.0,1,78,15,46.157735510055225,1
864,0,1,3,1,77.63377760130427,0.0,1.0,1.0,3,0.0,0.0,3.0,1,47,87,59.15236651638182,1
219,2,1,1,1,-0.065280268078156,1.0,0.0,1.0,3,0.0,0.0,1.0,0,125,90,62.34865757917944,1
816,2,1,3,1,81.44172056175245,1.0,0.0,1.0,3,0.0,0.0,2.0,1,63,78,49.01071007703119,1
437,0,1,1,1,2.484246192886732,0.0,2.0,1.0,2,0.0,0.0,1.0,1,81,68,48.27767928188303,1
778,3,1,1,0,4.383503134348847,0.0,1.0,1.0,0,0.0,1.0,0.0,1,26,20,40.78410635535322,1
283,0,1,1,1,92.3577262439927,0.0,0.0,1.0,3,0.0,0.0,1.0,1,79,55,54.03060159521941,1
352,0,1,1,1,17.32579345612194,0.0,1.0,1.0,3,0.0,0.0,3.0,1,47,76,51.42898851714119,1
146,2,0,1,1,73.12282622029717,1.0,2.0,1.0,3,0.0,0.0,5.0,0,118,65,53.14325228876741,1
715,2,1,1,1,16.64252778136282,1.0,0.0,1.0,3,0.0,0.0,4.0,1,77,99,80.3499589860466,1
603,2,1,3,1,83.02114785571183,1.0,1.0,1.0,3,0.0,0.0,3.0,1,124,45,62.02471344118706,1
4,2,1,3,1,80.77954587289418,1.0,2.0,1.0,2,0.0,0.0,2.0,1,74,57,82.27100972535526,1
676,0,1,1,1,36.72956400337056,0.0,0.0,1.0,2,0.0,0.0,3.0,1,50,41,56.61145454534141,1
718,3,1,1,0,0.1889550508692375,0.0,0.0,1.0,0,0.0,0.0,1.0,1,34,65,88.70095132428825,1
842,2,1,1,1,260.4764252454996,3.0,2.0,2.0,3,0.0,0.0,5.0,1,59,48,63.57608473824714,1
690,2,1,1,1,86.64762574410877,2.0,1.0,1.0,3,0.0,0.0,2.0,1,68,25,43.232072672260685,1
795,2,1,1,1,44.13202583308137,2.0,0.0,1.0,3,0.0,0.0,3.0,1,77,9,96.59244937676549,1
497,2,1,1,1,62.137610799442456,3.0,0.0,2.0,3,0.0,0.0,4.0,1,84,37,53.20040729831208,1
142,0,0,1,1,87.77365905411739,0.0,2.0,2.0,3,0.0,0.0,1.0,1,115,63,54.03060159521941,1
186,0,1,1,1,36.46614254582395,0.0,0.0,1.0,3,0.0,0.0,3.0,1,50,65,61.71569030214479,1
136,0,1,1,1,53.38389157309484,1.0,2.0,1.0,3,0.0,0.0,1.0,1,66,14,56.61145454534141,1
628,2,1,1,1,268.5881933617708,1.0,2.0,1.0,3,0.0,0.0,8.0,1,55,75,42.28379117528591,1
342,2,1,1,1,84.66848191545859,0.0,1.0,1.0,2,0.0,0.0,1.0,1,101,42,58.150521024306194,1
955,2,0,1,1,169.2786123698288,2.0,2.0,1.0,3,0.0,0.0,3.0,1,3,85,54.52252146250021,1
502,2,0,3,1,64.26494162186421,1.0,2.0,1.0,4,0.0,0.0,3.0,1,52,50,64.06493473088574,1
360,2,1,1,1,287.8498659128478,0.0,1.0,1.0,3,0.0,0.0,3.0,1,36,37,59.32586617379906,0
1,2,0,1,1,140.0659558778937,1.0,1.0,1.0,3,0.0,0.0,3.0,1,40,85,68.6463697250727,1
216,2,1,1,1,18.50441169417575,0.0,2.0,1.0,3,0.0,0.0,2.0,1,129,35,64.49279512184891,1
662,3,1,1,0,-0.439012670813189,0.0,1.0,1.0,0,0.0,0.0,2.0,1,37,14,74.67671075663941,1
137,0,1,1,1,58.3200657630488,1.0,2.0,1.0,3,0.0,0.0,1.0,1,87,80,46.157735510055225,1
677,2,1,3,1,70.50335997945339,3.0,2.0,1.0,2,0.0,0.0,4.0,1,18,67,92.6442905645228,1
23,2,1,1,1,1.445550939655265,1.0,1.0,1.0,2,0.0,0.0,2.0,1,89,94,59.51457823083735,1
549,2,1,1,1,119.64416986336202,1.0,2.0,1.0,3,0.0,0.0,5.0,1,18,65,56.51374638719137,1
860,0,1,1,1,157.38418529600537,0.0,0.0,1.0,3,0.0,0.0,3.0,1,106,32,42.40791340221634,1
682,0,1,1,1,66.97781417493765,0.0,1.0,1.0,3,0.0,0.0,2.0,1,100,61,46.157735510055225,1
197,2,1,3,1,13.061414491466554,2.0,0.0,1.0,2,0.0,0.0,1.0,1,29,9,100.02779199982304,1
26,2,1,3,1,25.15192450895012,1.0,2.0,1.0,3,0.0,0.0,1.0,1,80,90,73.36416347373977,1
984,2,1,3,1,66.79550585582167,1.0,2.0,1.0,3,0.0,0.0,1.0,1,25,24,83.62137334127559,1
237,0,1,1,1,267.48985624513097,0.0,2.0,1.0,3,0.0,0.0,3.0,1,46,48,49.2002612542528,1
556,2,2,1,1,132.3663484918249,3.0,0.0,1.0,3,0.0,0.0,1.0,1,58,70,97.68664816705386,1
78,2,1,1,1,161.87599167295087,0.0,2.0,2.0,3,0.0,0.0,5.0,1,124,3,88.0138265771589,0
726,3,2,1,0,3.0595829341136263,0.0,1.0,1.0,0,0.0,0.0,0.0,1,26,95,83.00934512488688,1
308,0,1,1,1,206.18542814791687,0.0,1.0,1.0,3,0.0,0.0,2.0,1,128,32,56.61145454534141,1
807,2,1,1,1,37.54439369829273,1.0,0.0,1.0,3,0.0,0.0,4.0,1,125,41,63.63659507031624,1
425,2,1,1,1,40.89664981464527,0.0,1.0,1.0,3,0.0,0.0,0.0,1,4,68,64.14047421146486,1
643,0,1,1,1,12.121599352304845,0.0,0.0,1.0,3,0.0,0.0,2.0,1,34,32,56.61145454534141,1
55,2,1,3,1,33.49563007151921,1.0,1.0,1.0,4,0.0,0.0,1.0,1,52,75,96.0422144110957,1
286,2,1,3,1,2.188112319381992,0.0,1.0,1.0,2,0.0,0.0,3.0,1,92,91,59.866233748291776,1
171,2,1,1,1,31.37922300831804,0.0,2.0,1.0,2,0.0,0.0,0.0,1,102,87,57.12524506439994,1
253,0,1,1,1,36.493292782272185,0.0,0.0,2.0,3,0.0,0.0,3.0,1,104,77,51.455111833244814,1
265,2,1,1,1,36.4036188350012,0.0,0.0,1.0,3,0.0,0.0,2.0,1,107,95,61.208533283227176,1
251,2,1,0,1,74.1770382050673,1.0,2.0,1.0,3,0.0,0.0,1.0,1,123,94,76.29852198355896,1
247,0,1,1,1,157.88044895040133,0.0,0.0,1.0,3,0.0,0.0,3.0,1,106,33,42.40791340221634,1
84,2,1,3,1,3.098285309874013,1.0,0.0,1.0,4,0.0,0.0,1.0,1,52,9,87.3975096637541,1
987,2,1,5,1,192.35818760239488,0.0,0.0,2.0,3,0.0,0.0,3.0,1,127,93,88.79631431804954,1
822,2,1,1,1,79.63482145222102,1.0,2.0,2.0,2,0.0,0.0,5.0,0,118,50,53.14325228876741,1
42,0,1,1,1,142.49836712154806,1.0,0.0,1.0,3,0.0,0.0,3.0,1,1,76,59.17278265513691,1
541,0,1,1,1,44.71678007313389,0.0,0.0,1.0,4,0.0,0.0,2.0,1,106,17,58.20170511648183,1
100,3,2,1,0,1.103226458880905,0.0,0.0,1.0,0,0.0,0.0,1.0,1,48,59,41.8678098117921,1
862,0,1,1,1,217.3381593828624,1.0,1.0,1.0,3,0.0,0.0,3.0,1,8,54,49.2002612542528,1
699,0,1,1,1,35.649086525915145,0.0,0.0,1.0,3,0.0,0.0,4.0,1,105,89,42.40791340221634,1
775,2,1,1,1,248.25484391241795,2.0,2.0,1.0,3,0.0,0.0,3.0,1,50,47,50.58138695531356,1
570,0,1,1,1,199.11448295050585,1.0,1.0,1.0,3,0.0,0.0,2.0,1,72,2,42.40791340221634,1
396,2,1,1,1,201.4360429898819,3.0,0.0,1.0,3,0.0,0.0,4.0,1,69,79,42.83917486766576,1
533,2,1,1,1,43.079595883334406,1.0,0.0,1.0,3,0.0,0.0,1.0,1,14,82,58.20170511648183,1
971,2,1,5,1,176.51333385759037,3.0,1.0,3.0,3,0.0,0.0,3.0,1,61,15,93.391720229006,1
647,2,1,1,1,35.16036721847309,2.0,2.0,1.0,3,0.0,0.0,0.0,1,32,57,67.74925608822006,1
930,2,1,1,1,4.288286160304512,1.0,1.0,1.0,3,0.0,0.0,0.0,1,124,4,58.150521024306194,1
611,2,1,3,1,35.532396235074515,0.0,2.0,1.0,3,0.0,0.0,2.0,1,39,81,81.31869677743313,1
375,2,1,1,1,286.8147376114045,2.0,0.0,1.0,3,0.0,0.0,2.0,1,107,92,47.90782574381023,1
943,2,1,5,1,95.83454627305916,2.0,0.0,1.0,3,0.0,0.0,3.0,1,50,76,103.19703039317972,1
552,2,1,3,1,97.27070689196536,2.0,1.0,1.0,3,0.0,0.0,4.0,0,124,52,80.59717280628898,1
15,2,1,1,1,59.30418736085453,2.0,0.0,1.0,3,0.0,0.0,3.0,1,70,94,44.07507465031619,1
769,2,1,1,1,109.50096543745131,1.0,0.0,1.0,3,0.0,0.0,3.0,1,14,21,73.98897124464835,1
949,2,1,3,1,61.872668551460485,1.0,1.0,1.0,3,0.0,0.0,2.0,1,12,80,67.00013766493987,1
270,2,1,3,1,10.7822483955048,1.0,1.0,1.0,2,0.0,0.0,1.0,1,40,71,74.62762188535689,1
597,0,1,1,1,154.23279459544747,0.0,0.0,1.0,3,0.0,0.0,1.0,1,98,96,42.40791340221634,1
922,0,1,1,1,225.8241349806258,1.0,2.0,1.0,3,0.0,0.0,2.0,1,66,60,43.48472044988809,1
168,0,1,1,1,26.67014748536499,0.0,0.0,1.0,3,0.0,0.0,4.0,0,83,44,64.24117034196198,1
763,2,1,3,1,140.67730590104702,1.0,0.0,1.0,3,0.0,0.0,2.0,1,30,24,90.5099234233776,1
861,2,1,1,1,30.176887160972008,1.0,1.0,1.0,3,0.0,0.0,3.0,1,85,42,53.97877714182188,1
279,0,1,1,1,202.23533228808688,0.0,2.0,1.0,3,0.0,0.0,1.0,1,45,35,52.53469284695778,1
653,2,0,1,1,28.72015182050881,0.0,1.0,1.0,3,0.0,0.0,3.0,1,5,12,54.538043672676416,1
173,2,1,1,1,25.52688968982192,2.0,1.0,1.0,3,0.0,0.0,2.0,0,54,82,98.15562712039235,1
919,2,0,1,1,137.24886530361863,0.0,0.0,1.0,3,0.0,0.0,2.0,1,2,69,57.2792313903951,1
888,2,1,3,1,183.9805343394569,3.0,1.0,1.0,4,0.0,0.0,3.0,1,54,38,73.54628600910878,1
214,2,0,1,1,273.89339238156407,2.0,0.0,1.0,3,0.0,0.0,0.0,1,72,88,0.0,1
43,3,1,3,0,6.923707009911695,0.0,0.0,1.0,0,0.0,0.0,1.0,1,76,42,56.09688344962229,1
524,2,1,1,1,6.7557537337913125,1.0,1.0,1.0,3,0.0,0.0,3.0,1,117,37,53.17442901978367,1
22,2,0,1,1,135.9978594866605,1.0,2.0,2.0,2,0.0,0.0,4.0,1,84,27,46.50862501064244,1
208,0,1,1,1,3.73762902251889,0.0,1.0,1.0,2,0.0,0.0,1.0,1,26,70,56.61145454534141,1
467,2,1,1,1,6.330808165413463,1.0,1.0,1.0,3,0.0,0.0,2.0,1,40,33,67.76921350963146,1
183,2,0,1,1,57.18670041918699,1.0,2.0,1.0,3,0.0,0.0,1.0,1,67,91,61.10701759671552,1
202,2,1,5,1,17.66265409395343,0.0,0.0,1.0,3,0.0,0.0,1.0,1,129,14,111.14186095507849,1
741,0,1,1,1,35.93695456309526,2.0,2.0,1.0,3,0.0,0.0,1.0,1,4,93,42.13800524296774,1
608,2,1,1,1,27.431759829190657,1.0,2.0,1.0,2,0.0,0.0,3.0,1,74,8,80.67470379648599,1
629,2,1,1,1,140.74819237138652,3.0,2.0,1.0,3,0.0,0.0,5.0,1,26,69,74.11677520658836,1
565,0,1,1,1,315.4762333132189,0.0,0.0,1.0,3,0.0,0.0,2.0,1,100,68,33.61475808547042,1
586,0,1,4,1,6.57828590745916,0.0,0.0,1.0,3,0.0,0.0,2.0,1,37,53,96.27742239813216,1
756,2,1,1,1,51.93195114699491,3.0,1.0,2.0,3,0.0,0.0,5.0,1,117,62,61.91835758505203,1
530,0,1,1,1,296.53936722618187,0.0,0.0,1.0,2,0.0,0.0,4.0,0,28,72,57.12524506439994,1
127,0,1,1,1,99.15486184573248,1.0,0.0,1.0,3,0.0,0.0,4.0,0,35,31,79.07306831290836,1
7,2,1,1,1,46.06620552983945,1.0,0.0,1.0,2,0.0,0.0,2.0,1,86,43,53.61577271660048,1
465,3,1,3,0,1.7021366334935906,0.0,0.0,1.0,0,0.0,0.0,1.0,1,77,44,60.70067185643273,1
266,2,1,1,1,232.4953309376432,1.0,2.0,1.0,3,0.0,0.0,3.0,1,60,51,41.61356200872048,1
280,0,1,1,1,269.8583791223957,0.0,2.0,1.0,2,0.0,0.0,3.0,1,127,13,43.48472044988809,1
122,0,1,1,1,48.64363241651319,0.0,0.0,1.0,3,0.0,0.0,4.0,1,70,29,46.157735510055225,1
193,3,2,1,0,93.64341246114896,1.0,1.0,1.0,0,0.0,0.0,3.0,1,75,94,89.24905350489998,1
238,0,1,1,1,6.045164206307565,1.0,1.0,1.0,4,0.0,0.0,0.0,1,33,21,75.65735632309772,1
446,2,0,1,1,2.569432639379672,1.0,2.0,1.0,3,0.0,0.0,1.0,1,101,96,63.73742421442466,1
285,2,1,1,1,13.005744060468045,2.0,2.0,1.0,3,0.0,0.0,4.0,1,116,88,53.20040729831208,1
199,2,1,5,1,291.3490200404139,0.0,2.0,3.0,3,0.0,0.0,6.0,1,122,25,82.07779734050091,0
161,2,1,3,1,101.5052838749373,2.0,1.0,1.0,4,0.0,0.0,3.0,1,106,31,68.74592727043351,1
574,2,1,1,1,16.897642001486822,2.0,0.0,2.0,3,0.0,0.0,1.0,1,87,60,71.72161267437116,1
781,0,1,1,1,275.74089199952925,0.0,0.0,1.0,2,0.0,0.0,3.0,1,29,95,56.95577991468876,1
441,2,1,3,1,17.551887001246843,1.0,0.0,1.0,3,0.0,0.0,4.0,1,77,95,80.73768850110487,1
829,0,1,1,1,12.690076966798689,1.0,0.0,1.0,2,0.0,0.0,1.0,1,63,41,54.03060159521941,1
689,2,1,3,1,27.88134013212152,2.0,0.0,1.0,3,0.0,0.0,2.0,1,35,7,85.8319202060643,1
158,2,1,1,1,13.409269818553796,2.0,0.0,1.0,3,0.0,0.0,1.0,1,16,49,78.58665050822567,1
569,2,1,5,1,24.9060901072752,2.0,0.0,3.0,3,0.0,0.0,1.0,1,50,82,120.71422073019552,1
590,0,1,1,1,36.97080112862992,0.0,0.0,1.0,2,0.0,0.0,3.0,1,50,30,56.61145454534141,1
466,2,1,1,1,22.051089163471985,2.0,1.0,1.0,3,0.0,0.0,3.0,1,117,88,53.20040729831208,1
591,0,1,1,1,275.21879563306493,0.0,0.0,1.0,2,0.0,0.0,3.0,1,29,66,56.95577991468876,1
776,2,1,1,1,100.45179210681236,1.0,1.0,1.0,3,0.0,0.0,2.0,1,44,83,68.6463697250727,1
537,2,1,1,1,77.87548658100654,2.0,0.0,1.0,2,0.0,0.0,1.0,1,91,79,52.15961000359484,1
511,3,1,1,0,0.5481734228328993,0.0,1.0,1.0,0,0.0,0.0,0.0,1,54,45,56.61145454534141,1
95,0,1,1,1,4.334367620366926,0.0,1.0,1.0,3,0.0,0.0,0.0,1,102,62,59.17278265513691,1
707,3,1,1,0,88.12767420509378,1.0,0.0,1.0,0,0.0,0.0,2.0,1,44,35,54.03060159521941,1
303,2,0,1,1,66.85366342840466,1.0,1.0,1.0,2,0.0,0.0,1.0,1,94,36,52.15961000359484,1
719,2,1,3,1,174.76721366082322,0.0,0.0,1.0,4,0.0,0.0,4.0,1,105,5,67.0501224374677,1
32,2,1,1,1,3.88789247770388,2.0,0.0,1.0,2,0.0,0.0,1.0,1,111,58,57.63826422013785,1
904,3,1,1,0,121.06495764834186,0.0,0.0,1.0,0,0.0,0.0,1.0,1,93,11,41.8678098117921,1
364,3,1,1,0,0.0498900118221926,0.0,0.0,1.0,0,0.0,0.0,1.0,1,93,93,41.8678098117921,1
512,2,1,1,1,12.295168780569115,1.0,2.0,1.0,2,0.0,0.0,2.0,1,116,87,53.20040729831208,1
991,2,1,1,1,13.319731149088344,1.0,1.0,1.0,2,0.0,0.0,1.0,1,75,5,77.6903150213974,1
13,2,0,1,1,43.24648634009838,2.0,0.0,1.0,3,0.0,0.0,1.0,1,16,20,77.07551713923415,1
877,0,1,1,1,6.17236392720284,0.0,0.0,1.0,3,0.0,0.0,1.0,1,64,45,56.61145454534141,1
666,0,1,3,1,17.863487153226437,1.0,0.0,1.0,3,0.0,0.0,2.0,1,7,93,57.63826422013785,1
786,0,1,1,1,13.775995065930331,0.0,0.0,1.0,2,0.0,0.0,1.0,1,63,76,56.61145454534141,1
696,0,1,1,1,275.54865086472523,0.0,0.0,1.0,2,0.0,0.0,3.0,1,29,82,56.95577991468876,1
721,2,1,3,1,95.32858941730473,1.0,2.0,2.0,3,0.0,0.0,4.0,1,0,75,74.87301209516045,1
557,0,1,1,1,21.24121632185008,1.0,1.0,1.0,3,0.0,0.0,0.0,1,5,76,51.42898851714119,1
118,0,1,1,1,36.62808009104463,0.0,0.0,1.0,3,0.0,0.0,3.0,1,50,61,61.71569030214479,1
407,2,1,1,1,61.724708924884496,1.0,1.0,1.0,3,0.0,0.0,3.0,0,89,37,69.59119481612893,1
485,2,1,2,1,137.09318691097525,1.0,0.0,3.0,4,0.0,0.0,2.0,1,6,0,55.94235850549493,1
35,0,1,1,1,64.2063224914027,0.0,1.0,1.0,3,0.0,0.0,2.0,1,86,1,46.157735510055225,1
404,2,1,1,1,82.90866661015703,2.0,1.0,2.0,3,0.0,0.0,1.0,1,89,40,64.14047421146486,1
411,2,1,1,1,4.232286050175087,1.0,2.0,1.0,3,0.0,0.0,4.0,1,95,21,49.2213149782143,1
151,2,1,3,1,37.64787398556973,1.0,0.0,1.0,3,0.0,0.0,1.0,1,35,43,66.07428492767518,1
583,2,1,1,1,28.31534140099228,2.0,0.0,1.0,3,0.0,0.0,2.0,1,42,75,84.87200447381724,1
933,2,1,1,1,30.363383123292888,2.0,0.0,1.0,3,0.0,0.0,3.0,1,64,93,73.69389734560187,1
287,2,1,1,1,34.26950054696346,0.0,1.0,1.0,2,0.0,0.0,2.0,1,75,43,93.07016563671868,1
160,3,1,1,0,5.771038601463414,1.0,0.0,1.0,0,0.0,4.0,1.0,1,84,26,41.8678098117921,1
916,0,1,1,1,43.38724343974534,0.0,0.0,1.0,3,0.0,0.0,3.0,1,69,73,46.157735510055225,1
870,2,1,1,1,27.10722988410007,2.0,2.0,1.0,3,0.0,0.0,0.0,1,18,3,64.24117034196198,1
339,2,1,3,1,19.9882691197422,0.0,2.0,1.0,3,0.0,0.0,1.0,1,39,57,90.60496295711776,1
615,2,1,1,1,4.147772182934357,0.0,1.0,1.0,3,0.0,0.0,2.0,1,117,38,57.12524506439994,1
87,0,1,1,1,36.9422528970623,0.0,0.0,1.0,3,0.0,0.0,3.0,1,50,7,61.71569030214479,1
618,2,1,1,1,200.89515080400903,2.0,1.0,1.0,3,0.0,0.0,3.0,1,15,36,69.1687776504707,1
395,0,1,1,1,17.381284583217692,0.0,2.0,1.0,2,0.0,0.0,3.0,1,46,91,56.61145454534141,1
872,0,1,1,1,61.17662211579489,0.0,2.0,2.0,3,0.0,0.0,1.0,1,94,42,54.03060159521941,1
790,2,1,1,1,50.18205389346612,2.0,1.0,1.0,3,0.0,0.0,2.0,1,100,86,55.89083434658451,1
564,2,1,1,1,5.085430075583014,2.0,1.0,1.0,3,0.0,0.0,4.0,1,54,74,88.70095132428825,1
141,0,1,1,1,1.172023068997462,0.0,0.0,1.0,2,0.0,0.0,1.0,1,50,58,64.06493473088574,1
400,2,1,1,1,75.3584743244021,2.0,2.0,1.0,3,0.0,0.0,2.0,0,122,75,69.59119481612893,1
378,0,1,1,1,433.4447766600701,0.0,0.0,1.0,3,0.0,0.0,3.0,1,15,73,43.48472044988809,0
947,0,1,1,1,304.9476499802342,0.0,1.0,1.0,3,0.0,0.0,2.0,1,72,54,53.51198187585364,1
607,0,1,1,1,70.88480242774749,0.0,0.0,1.0,3,0.0,0.0,3.0,1,48,59,44.69086154922319,1
683,2,1,3,1,162.6538529749404,2.0,1.0,1.0,4,0.0,0.0,2.0,1,124,43,70.43474331270292,1
473,0,1,1,1,7.184216137548822,0.0,0.0,1.0,3,0.0,0.0,1.0,1,73,50,74.18557739342863,1
636,0,1,1,1,60.69526698353697,0.0,2.0,1.0,3,0.0,0.0,2.0,1,93,65,46.157735510055225,1
14,2,1,5,1,3.8424516972919256,0.0,0.0,3.0,3,0.0,0.0,1.0,1,101,51,102.8250395847555,1
550,0,1,1,1,36.96030111454051,0.0,0.0,1.0,3,0.0,0.0,3.0,1,50,24,61.71569030214479,1
487,2,1,3,1,203.62431772866825,2.0,1.0,1.0,3,0.0,0.0,3.0,1,127,56,60.62443140930651,1
645,2,1,1,1,34.20374799951651,1.0,0.0,1.0,3,0.0,0.0,1.0,1,94,98,65.74846988906326,1
848,2,1,3,1,266.5646014254091,0.0,1.0,1.0,4,0.0,0.0,1.0,1,129,83,69.98837127799601,0
417,2,1,3,1,2.195462186264876,1.0,0.0,1.0,3,0.0,0.0,2.0,1,41,53,76.51367202616184,1
369,2,1,1,1,73.35725372826411,1.0,2.0,1.0,3,0.0,0.0,3.0,1,78,12,71.52388659159367,1
911,2,1,1,1,29.61684517402646,3.0,0.0,1.0,3,0.0,0.0,1.0,1,14,72,63.73742421442466,1
177,2,1,3,1,106.14687039300658,2.0,2.0,1.0,4,0.0,0.0,1.0,1,123,15,79.07306831290836,1
655,2,1,1,1,215.9997913367937,2.0,2.0,1.0,3,0.0,0.0,1.0,1,3,69,57.2792313903951,1
566,0,1,1,1,84.47582079632947,1.0,1.0,1.0,3,0.0,0.0,3.0,1,43,39,51.42898851714119,1
249,2,1,1,1,35.55461175877477,1.0,1.0,1.0,2,0.0,0.0,3.0,1,75,78,95.45376883020292,1
932,2,1,1,1,39.776995146321255,0.0,0.0,1.0,3,0.0,0.0,4.0,0,126,78,104.19563858572536,0
681,3,1,4,0,275.78839153762254,0.0,1.0,1.0,0,0.0,0.0,2.0,1,96,39,62.22215052199624,1
695,0,1,1,1,40.86316114478861,0.0,0.0,1.0,3,0.0,0.0,1.0,1,125,43,40.78410635535322,1
271,0,1,1,1,48.23403294440617,0.0,0.0,1.0,3,0.0,0.0,2.0,1,21,48,74.18557739342863,1
697,0,1,1,1,17.14468388448918,1.0,2.0,1.0,3,0.0,0.0,3.0,1,46,77,56.61145454534141,1
358,2,1,1,1,1.086267870143529,0.0,1.0,1.0,3,0.0,0.0,1.0,1,38,18,91.07990928464594,1
372,2,1,3,1,38.97366727751418,1.0,2.0,1.0,4,0.0,0.0,2.0,1,16,22,92.6442905645228,1
255,0,1,1,1,45.79226552005659,0.0,0.0,1.0,4,0.0,0.0,2.0,1,79,94,61.71569030214479,1
978,0,0,1,1,37.20892625388722,0.0,0.0,1.0,2,0.0,0.0,3.0,1,50,64,56.61145454534141,1
509,2,1,1,1,60.11574198905784,2.0,1.0,1.0,2,0.0,0.0,3.0,1,54,52,67.74925608822006,1
504,2,1,2,1,37.51149763051704,1.0,2.0,1.0,3,0.0,0.0,2.0,1,100,63,47.67510299509769,1
135,2,1,2,1,55.9091881382682,1.0,0.0,3.0,1,0.0,0.0,3.0,1,106,10,50.08848327179351,1
558,2,1,3,1,234.70745168942352,2.0,1.0,1.0,3,0.0,0.0,4.0,1,56,83,61.05624916828507,1
470,2,1,1,1,15.65183667306946,0.0,0.0,1.0,3,0.0,0.0,1.0,1,84,44,55.581522355633055,1
709,0,1,1,1,6.811176265450547,1.0,0.0,1.0,3,0.0,0.0,4.0,0,28,28,67.74925608822006,1
890,2,1,3,1,32.32303179355215,1.0,1.0,1.0,3,0.0,0.0,2.0,1,9,60,56.58060238471693,1
64,2,1,3,1,146.56321958410484,0.0,1.0,1.0,3,0.0,0.0,2.0,1,44,13,75.31437462503789,1
340,2,1,3,1,28.011389830601733,1.0,1.0,1.0,2,0.0,0.0,3.0,0,43,99,109.76321660539102,1
567,2,2,1,1,145.14382493522731,2.0,1.0,1.0,3,0.0,0.0,3.0,1,75,63,95.40666681166168,1
305,2,1,3,1,60.2773635265344,1.0,0.0,1.0,3,0.0,0.0,2.0,0,36,13,83.79953885998856,1
610,2,1,3,1,42.574443341869255,2.0,0.0,1.0,4,0.0,0.0,4.0,1,6,50,80.14142439952701,1
711,0,1,1,1,37.5499554468202,0.0,0.0,1.0,3,0.0,0.0,3.0,1,50,66,61.71569030214479,1
383,0,0,1,1,8.845054489158162,0.0,0.0,1.0,4,0.0,0.0,1.0,1,73,1,88.70095132428825,1
620,0,1,1,1,155.7440552334707,0.0,0.0,1.0,4,0.0,0.0,3.0,1,106,80,55.40095755884308,1
203,2,0,1,1,292.85419300033885,1.0,2.0,1.0,3,0.0,0.0,3.0,1,127,7,49.9152510768316,1
455,2,1,1,1,52.4039171515264,3.0,2.0,2.0,3,0.0,0.0,2.0,1,102,27,61.05624916828507,1
613,0,1,1,1,2.9792622588306017,0.0,2.0,1.0,3,0.0,0.0,0.0,1,102,43,53.51198187585364,1
874,2,1,3,1,34.1168537604599,1.0,2.0,1.0,4,0.0,0.0,1.0,1,39,39,87.93742373109995,1
454,0,1,1,1,30.90560812272088,0.0,1.0,1.0,2,0.0,0.0,2.0,1,23,37,43.48472044988809,1
233,2,1,1,1,29.459709943437872,2.0,0.0,1.0,3,0.0,0.0,2.0,1,42,94,84.87200447381724,1
705,2,1,1,1,27.72169289696344,1.0,1.0,1.0,3,0.0,0.0,3.0,1,12,64,67.37487146065816,1
217,3,1,3,0,5.415889084087079,0.0,1.0,1.0,0,0.0,0.0,3.0,1,82,44,59.49418175869574,1
463,2,1,1,1,223.33966599033332,1.0,2.0,1.0,3,0.0,0.0,4.0,1,11,63,66.70009749694911,1
472,2,1,1,1,20.534067469745924,1.0,2.0,1.0,2,0.0,0.0,2.0,1,74,71,71.30628186941047,1
195,2,1,1,1,47.553462505305184,2.0,0.0,1.0,3,0.0,0.0,4.0,1,6,24,64.14047421146486,1
65,2,1,1,1,82.76439582587685,2.0,0.0,1.0,3,0.0,0.0,3.0,1,70,58,54.03060159521941,1
346,2,1,1,1,48.8333608823022,3.0,0.0,1.0,3,0.0,0.0,1.0,1,9,81,64.14047421146486,1
661,2,1,1,1,150.49273702303404,2.0,1.0,2.0,3,0.0,0.0,2.0,1,40,71,76.63587107871714,1
887,0,1,1,1,37.466797352818126,0.0,0.0,1.0,3,0.0,0.0,3.0,1,50,36,61.71569030214479,1
996,0,1,1,1,37.45313403307476,0.0,0.0,1.0,3,0.0,0.0,3.0,1,50,83,61.71569030214479,1
178,2,1,1,1,8.076442459997432,1.0,2.0,1.0,3,0.0,0.0,3.0,1,67,6,72.90606010209086,1
481,0,1,1,1,249.3275683375442,0.0,0.0,1.0,4,0.0,0.0,5.0,1,125,12,100.33145858233928,0
312,2,1,5,1,21.89035573017516,1.0,2.0,3.0,3,0.0,0.0,4.0,1,32,52,118.44708360681328,1
297,2,1,1,1,13.758904734522298,0.0,2.0,1.0,3,0.0,0.0,4.0,1,101,16,53.71434295384886,1
388,3,1,3,0,8.12742996473429,0.0,0.0,1.0,0,0.0,0.0,2.0,1,28,74,93.15530121954518,1
918,0,1,1,1,36.77133511578122,0.0,0.0,1.0,2,0.0,0.0,3.0,1,50,50,56.61145454534141,1
679,2,1,1,1,7.557665670337415,1.0,2.0,1.0,3,0.0,0.0,1.0,0,66,16,80.1365736731521,1
838,3,1,1,0,1.112055170760159,0.0,0.0,1.0,0,0.0,0.0,3.0,0,36,49,81.98116246392334,1
627,2,1,1,1,127.21505724063029,1.0,2.0,1.0,3,0.0,0.0,3.0,1,39,8,54.79663876765317,1
108,3,1,1,0,3.7490421385578343,0.0,2.0,1.0,0,4.0,45.0,2.0,1,25,95,40.78410635535322,1
667,0,1,1,1,271.3334101407946,0.0,2.0,1.0,3,0.0,0.0,1.0,1,101,62,52.62839364952482,1
752,2,1,2,1,216.7136307259291,3.0,2.0,2.0,3,0.0,0.0,3.0,1,60,38,50.81706784228022,1
444,2,1,1,1,73.77261303407285,1.0,1.0,1.0,3,0.0,0.0,0.0,1,40,85,54.79663876765317,1
245,0,1,1,1,4.126308411761714,0.0,1.0,1.0,2,0.0,0.0,1.0,1,5,44,48.80522502076072,1
747,0,1,1,1,41.954781451976594,1.0,0.0,1.0,3,0.0,0.0,1.0,1,125,60,40.78410635535322,1
322,2,1,3,1,118.84842520615165,1.0,2.0,1.0,3,0.0,0.0,1.0,1,66,38,61.41148019017746,1
660,2,1,3,1,43.916949374790725,0.0,2.0,1.0,3,0.0,0.0,5.0,1,5,48,71.45466079423326,1
787,2,1,3,1,43.735077081171575,1.0,2.0,1.0,4,0.0,0.0,2.0,0,32,88,81.38159736106125,1
522,2,1,5,1,6.280615878098203,0.0,2.0,3.0,3,0.0,0.0,1.0,1,116,44,83.13470387141396,1
823,0,1,1,1,246.32912686590063,0.0,2.0,1.0,3,0.0,0.0,5.0,1,14,88,49.2002612542528,1
190,2,1,1,1,222.1177640247432,1.0,1.0,1.0,3,0.0,0.0,3.0,1,127,24,50.43464865946326,1
363,0,1,1,1,36.40711575103975,0.0,0.0,1.0,3,0.0,0.0,3.0,1,50,98,61.71569030214479,1
789,3,1,3,0,8.659971397819922,0.0,0.0,1.0,0,0.0,0.0,2.0,1,28,68,93.15530121954518,1
687,2,1,5,1,2.251979862502186,1.0,0.0,2.0,4,0.0,0.0,3.0,1,56,63,106.6643492285266,1
737,2,1,1,1,70.36244457854282,1.0,0.0,1.0,3,0.0,0.0,3.0,1,71,67,42.66136726797266,1
46,0,1,1,1,0.9441456330170042,0.0,0.0,1.0,2,0.0,0.0,1.0,1,50,57,64.06493473088574,1
673,0,1,1,1,37.30602461476553,0.0,0.0,1.0,2,0.0,0.0,3.0,1,50,84,56.61145454534141,1
261,0,1,1,1,37.04105019952573,0.0,0.0,1.0,2,0.0,0.0,3.0,1,50,1,56.61145454534141,1
156,2,1,1,1,3.010040135113256,1.0,1.0,1.0,4,0.0,0.0,2.0,1,44,45,91.5544388279916,1
850,2,1,1,1,39.84288692199293,1.0,2.0,1.0,3,0.0,0.0,1.0,1,4,66,65.49765872445299,1
854,2,1,3,1,95.73492833142367,2.0,1.0,1.0,4,0.0,0.0,2.0,1,54,69,84.48752719046969,1
746,2,1,0,1,10.995476486553764,1.0,0.0,1.0,5,0.0,0.0,3.0,1,0,7,119.87622542348824,1
907,0,1,1,1,60.64714363212424,0.0,0.0,1.0,3,0.0,0.0,3.0,1,83,34,46.157735510055225,1
317,0,1,3,1,117.70401884122587,0.0,1.0,1.0,3,0.0,0.0,2.0,1,61,33,54.52252146250021,1
254,2,1,3,1,56.774934993748055,1.0,1.0,1.0,3,0.0,0.0,2.0,1,79,73,61.71569030214479,1
299,0,1,1,1,169.00375226504264,0.0,0.0,1.0,3,0.0,0.0,2.0,1,16,94,49.2002612542528,1
486,0,1,1,1,314.92297232612003,0.0,0.0,1.0,3,0.0,0.0,2.0,1,100,4,33.61475808547042,1
759,0,1,1,1,37.434019573804015,0.0,0.0,1.0,2,0.0,0.0,3.0,1,50,90,56.61145454534141,1
327,0,1,1,1,30.443547052564192,0.0,2.0,1.0,3,0.0,0.0,1.0,1,52,5,51.42898851714119,1
793,2,1,3,1,58.55502432816411,2.0,2.0,1.0,3,0.0,0.0,5.0,1,51,99,54.31548802507626,1
820,0,1,1,1,358.1836526169246,1.0,2.0,1.0,3,0.0,0.0,3.0,1,51,46,26.181563963369445,1
97,2,1,1,1,251.8438222719916,2.0,1.0,1.0,3,0.0,0.0,4.0,1,126,25,49.55797106301275,1
652,0,1,1,1,90.71927440060378,0.0,1.0,1.0,3,0.0,0.0,2.0,1,37,71,26.76465997718735,1
334,2,1,1,1,96.49423459943942,1.0,2.0,1.0,3,0.0,0.0,3.0,1,17,79,77.07551713923415,1
698,2,1,3,1,45.01477810245573,2.0,2.0,1.0,3,0.0,0.0,3.0,1,92,87,57.58699675752813,1
559,2,1,1,1,103.9635157868374,2.0,1.0,1.0,3,0.0,0.0,2.0,1,9,42,78.39194176799411,1
630,2,0,3,1,28.817303646717107,3.0,2.0,1.0,4,0.0,0.0,1.0,1,4,80,83.99207857101638,1
780,0,1,1,1,50.98939508512879,0.0,2.0,1.0,3,0.0,0.0,1.0,1,18,54,51.69012231290039,1
376,0,1,1,1,266.983293424949,0.0,1.0,1.0,3,0.0,0.0,2.0,1,37,71,56.61145454534141,1
134,2,1,1,1,10.076520705996176,1.0,0.0,1.0,3,0.0,0.0,1.0,1,14,78,66.61504500420959,1
159,1,1,3,0,-98.0,1.0,0.0,1.0,0,0.0,0.0,1.0,1,119,53,0.0,1
288,2,1,1,1,31.397870407545952,0.0,2.0,1.0,3,0.0,0.0,1.0,1,39,45,61.53319444063856,1
128,2,1,1,1,174.22560193149866,2.0,2.0,1.0,3,0.0,0.0,2.0,1,80,58,50.38746766750823,1
909,0,1,1,1,84.18961641844137,0.0,2.0,1.0,3,0.0,0.0,1.0,1,116,88,46.157735510055225,1
903,2,1,3,1,25.74237404548275,2.0,0.0,1.0,3,0.0,0.0,2.0,1,85,19,70.732060981545,1
859,2,0,3,1,23.48451045066648,2.0,0.0,1.0,3,0.0,0.0,2.0,1,65,91,85.8319202060643,1
232,2,1,1,1,125.23257345585291,0.0,0.0,1.0,3,0.0,0.0,1.0,1,100,20,54.03060159521941,1
855,2,1,1,1,135.7029011585571,0.0,0.0,1.0,2,0.0,0.0,2.0,1,2,72,54.4966494719206,1
479,2,1,1,1,4.973870751373619,3.0,2.0,1.0,3,0.0,0.0,3.0,1,67,3,72.90606010209086,1
338,2,1,1,1,4.340246887736049,2.0,0.0,1.0,2,0.0,0.0,1.0,1,22,93,88.22387687576948,1
875,2,1,1,1,103.33105447781904,3.0,1.0,1.0,3,0.0,0.0,4.0,1,54,78,68.6463697250727,1
640,2,1,3,1,62.19295667976157,0.0,0.0,1.0,3,0.0,0.0,4.0,1,21,62,83.62137334127559,1
226,2,1,3,1,81.55079026252062,1.0,2.0,1.0,2,0.0,0.0,2.0,1,74,73,82.27100972535526,1
89,2,1,1,1,4.54564470232296,1.0,0.0,1.0,2,0.0,0.0,1.0,1,112,4,52.99252167070896,1
892,2,1,1,1,12.1821030272681,0.0,1.0,1.0,2,0.0,0.0,2.0,1,117,8,51.95103622181326,1
637,2,1,3,1,149.10277120815053,1.0,0.0,1.0,3,0.0,0.0,1.0,1,3,46,64.14047421146486,1
306,2,1,1,1,11.882097897308135,1.0,2.0,1.0,3,0.0,0.0,3.0,1,78,52,54.066873774122655,1
821,0,1,1,1,279.5791910787681,0.0,0.0,1.0,3,0.0,0.0,3.0,1,49,58,64.24117034196198,1
119,0,1,1,1,359.16430724230963,1.0,2.0,1.0,3,0.0,0.0,3.0,1,51,64,47.749171619580345,1
960,2,1,3,1,69.12194618026638,2.0,1.0,1.0,4,0.0,0.0,3.0,1,15,50,92.6442905645228,1
380,2,1,1,1,6.172011790027923,0.0,0.0,1.0,3,0.0,0.0,2.0,1,128,98,78.0997260932108,1
785,2,1,1,1,0.5070079566698462,1.0,0.0,1.0,3,0.0,0.0,2.0,1,22,69,97.68664816705386,1
934,2,1,1,1,63.00431394945879,2.0,2.0,1.0,3,0.0,0.0,2.0,1,10,60,62.66726504798456,1
496,2,1,1,1,3.683115204129499,1.0,0.0,1.0,3,0.0,0.0,2.0,1,23,97,99.56030872496196,1
983,2,1,3,1,23.435407058989856,2.0,0.0,1.0,3,0.0,0.0,2.0,1,65,96,81.49770004380834,1
503,2,1,1,1,38.650937472038365,0.0,1.0,1.0,2,0.0,0.0,0.0,1,32,15,74.0381309987856,1
272,2,1,1,1,210.70531077197248,0.0,0.0,1.0,3,0.0,0.0,4.0,1,56,96,57.2792313903951,0
939,2,2,3,1,33.44391053618152,1.0,0.0,1.0,3,0.0,0.0,3.0,1,41,15,88.79631431804954,1
377,2,1,1,1,1.1843620879705252,2.0,2.0,1.0,3,0.0,0.0,2.0,1,88,9,54.74493608299882,1
201,2,1,1,1,178.0392570125871,2.0,0.0,1.0,3,0.0,0.0,4.0,1,63,71,54.4966494719206,1
418,0,1,3,1,4.376156273348677,1.0,1.0,1.0,4,0.0,0.0,2.0,1,2,61,86.59855305146209,1
579,0,1,1,1,14.6237088578316,1.0,0.0,1.0,4,0.0,0.0,1.0,1,125,72,40.78410635535322,1
204,2,1,5,1,65.5791582954317,1.0,0.0,3.0,3,0.0,0.0,2.0,1,57,98,103.19703039317972,1
768,2,2,3,1,26.63352811982124,3.0,1.0,1.0,3,0.0,0.0,4.0,0,112,91,78.19715170466232,1
28,2,1,3,1,61.59843487193143,2.0,0.0,1.0,3,0.0,0.0,2.0,1,100,72,60.49732831733202,1
294,2,1,1,1,79.04709615015507,1.0,0.0,1.0,2,0.0,0.0,1.0,1,120,94,52.15961000359484,1
213,2,1,1,1,94.77330709807433,3.0,2.0,2.0,3,0.0,0.0,5.0,1,119,77,61.05624916828507,1
211,3,1,1,0,1.1742012281929628,0.0,0.0,1.0,0,0.0,0.0,3.0,0,36,52,81.98116246392334,1
451,2,1,3,1,64.72989047338415,1.0,0.0,1.0,4,0.0,0.0,2.0,1,105,80,72.21552848211424,1
625,2,1,1,1,4.390583633091123,0.0,0.0,1.0,2,0.0,0.0,1.0,1,62,10,61.208533283227176,1
881,0,1,1,1,37.31607924200075,0.0,0.0,1.0,2,0.0,0.0,3.0,1,50,84,56.61145454534141,1
531,0,1,1,1,44.0327249598495,0.0,0.0,2.0,3,0.0,0.0,2.0,1,65,6,59.17278265513691,1
692,0,1,1,1,254.9665010627697,0.0,0.0,1.0,2,0.0,0.0,2.0,0,23,82,54.548391402892655,1
626,2,1,3,1,44.97718112418207,2.0,0.0,1.0,4,0.0,0.0,3.0,1,6,10,84.48752719046969,1
761,2,1,1,1,259.9187174834111,3.0,2.0,2.0,3,0.0,0.0,5.0,1,59,12,63.57608473824714,1
885,3,0,1,0,0.4013874800722976,0.0,0.0,1.0,0,0.0,0.0,1.0,1,34,10,88.70095132428825,1
654,2,1,1,1,238.1211458367652,0.0,0.0,1.0,4,0.0,0.0,2.0,1,65,85,73.54628600910878,0
293,2,1,1,1,41.19435615975421,1.0,0.0,1.0,3,0.0,0.0,1.0,1,22,50,65.54281659772938,1
223,2,1,1,1,141.86654356649467,0.0,0.0,1.0,3,0.0,0.0,3.0,1,0,90,58.815329629547406,1
489,0,1,1,1,90.52015062258654,0.0,1.0,1.0,3,0.0,0.0,3.0,1,54,17,49.2002612542528,1
435,2,1,1,1,16.24556081243917,1.0,2.0,2.0,3,0.0,0.0,0.0,1,102,27,68.6463697250727,1
157,2,1,3,1,18.120713515557124,0.0,1.0,1.0,4,0.0,0.0,3.0,1,110,44,74.62762188535689,1
92,2,1,1,1,56.328135330478446,0.0,0.0,1.0,3,0.0,0.0,2.0,1,79,19,57.74077628419597,1
500,0,1,1,1,3.2655906148237763,0.0,2.0,1.0,2,0.0,0.0,1.0,1,25,72,76.70917479444185,1
929,2,1,3,1,22.760993472345824,2.0,1.0,1.0,3,0.0,0.0,3.0,1,85,4,57.58699675752813,1
313,3,1,1,0,6.880199728041783,0.0,0.0,1.0,0,0.0,0.0,1.0,1,111,3,48.27767928188303,1
729,2,1,1,1,79.53450527876404,1.0,0.0,1.0,3,0.0,0.0,4.0,1,83,64,53.20040729831208,1
478,0,1,1,1,24.727784145318815,1.0,1.0,1.0,3,0.0,0.0,3.0,1,54,10,51.42898851714119,1
8,2,2,1,1,5.297943232072012,1.0,0.0,1.0,3,0.0,0.0,1.0,1,23,81,78.64991338338011,1
595,2,1,1,1,43.00296940719325,1.0,0.0,1.0,3,0.0,0.0,2.0,1,79,24,74.18557739342863,1
370,0,1,3,1,215.59969849311835,0.0,1.0,1.0,3,0.0,0.0,3.0,1,40,46,54.52252146250021,1
304,2,1,5,1,140.3017009402971,2.0,0.0,3.0,3,0.0,0.0,3.0,1,125,58,79.54927021377262,1
810,2,1,1,1,12.616558571152988,2.0,0.0,1.0,2,0.0,0.0,3.0,1,62,66,74.18557739342863,1
561,3,1,1,0,6.782604676625049,0.0,0.0,1.0,0,0.0,0.0,1.0,1,83,20,26.76465997718735,1
482,2,1,3,1,9.514157801343016,1.0,0.0,2.0,3,0.0,0.0,1.0,1,114,92,62.22215052199624,1
641,2,1,3,1,62.45287952348245,1.0,0.0,1.0,3,0.0,0.0,2.0,0,6,56,95.6185950674634,1
176,0,1,1,1,66.50846249024761,0.0,2.0,1.0,3,0.0,0.0,1.0,1,25,60,49.2002612542528,1
642,2,1,5,1,62.77740292916037,0.0,1.0,1.0,2,0.0,0.0,2.0,1,75,15,104.5343332952061,1
113,3,1,1,0,87.73183373940054,0.0,0.0,1.0,0,0.0,0.0,2.0,1,44,83,44.02146061300823,1
658,2,1,3,1,1.169982491900631,1.0,0.0,1.0,3,0.0,0.0,2.0,1,84,8,74.18557739342863,1
866,2,1,3,1,32.44299158586023,1.0,0.0,1.0,3,0.0,0.0,2.0,1,34,79,85.8319202060643,1
333,0,1,3,1,103.06228690483093,0.0,2.0,1.0,3,0.0,0.0,1.0,1,60,32,54.52252146250021,1
290,2,1,1,1,272.4347418574022,1.0,1.0,1.0,3,0.0,0.0,2.0,1,58,89,46.9333561428647,1
717,0,1,1,1,335.2041301523566,0.0,2.0,1.0,3,0.0,0.0,6.0,1,28,63,50.97408718139573,1
440,2,1,3,1,67.62645634986147,3.0,1.0,1.0,3,0.0,0.0,2.0,1,47,25,75.31437462503789,1
390,2,1,1,1,67.95444882816157,1.0,1.0,1.0,3,0.0,0.0,3.0,1,99,67,53.20040729831208,1
138,0,1,1,1,91.10060732745028,0.0,1.0,1.0,4,0.0,0.0,2.0,1,37,26,64.24117034196198,1
72,0,1,1,1,2.1147771418585872,0.0,0.0,1.0,2,0.0,0.0,1.0,1,92,96,56.61145454534141,1
946,2,1,1,1,38.93957103414175,0.0,1.0,1.0,2,0.0,0.0,0.0,1,32,24,74.0381309987856,1
905,2,1,3,1,105.36810819042896,2.0,0.0,1.0,4,0.0,0.0,2.0,1,23,86,92.6442905645228,1
70,2,0,1,1,251.95435591953228,0.0,1.0,1.0,2,0.0,0.0,2.0,1,33,75,1.8216363218070064,1
883,2,1,3,1,39.81031046821186,1.0,0.0,1.0,3,0.0,0.0,4.0,1,105,2,57.592123847094186,1
540,0,1,1,1,59.30428194268426,0.0,0.0,1.0,3,0.0,0.0,3.0,1,85,38,46.157735510055225,1
309,2,1,1,1,135.8220242534766,0.0,0.0,1.0,2,0.0,0.0,2.0,1,2,67,54.4966494719206,1
578,2,1,1,1,43.54692717006259,0.0,0.0,1.0,3,0.0,0.0,2.0,1,100,93,58.55978350564184,1
501,2,1,1,1,56.9809233657422,1.0,1.0,1.0,3,0.0,0.0,3.0,1,54,90,73.2016657922437,1
646,2,1,1,1,35.10448332920891,1.0,2.0,1.0,3,0.0,0.0,2.0,1,32,39,69.87918553581974,1
295,2,1,5,1,77.91119668808051,1.0,2.0,1.0,4,0.0,0.0,0.0,1,18,14,88.73909859230969,1
379,0,1,1,1,91.0944742035881,0.0,1.0,1.0,3,0.0,0.0,2.0,1,37,23,48.80522502076072,1
782,2,1,3,1,80.50450054016984,0.0,2.0,1.0,4,0.0,0.0,2.0,1,58,7,84.48752719046969,1
788,2,1,3,1,59.61057912986141,2.0,2.0,1.0,3,0.0,0.0,6.0,1,17,54,83.62137334127559,1
804,3,1,1,0,-0.3101694016360616,0.0,0.0,1.0,0,0.0,1.0,1.0,1,42,90,56.61145454534141,1
124,2,1,3,1,18.964045010249052,0.0,2.0,1.0,3,0.0,0.0,2.0,1,129,32,68.74592727043351,1
684,1,1,2,0,8.891418442137917,1.0,0.0,3.0,0,0.0,0.0,1.0,1,108,83,0.0,1
175,2,1,1,1,9.287746049535324,2.0,1.0,1.0,2,0.0,0.0,4.0,1,5,32,73.39862490610453,1
330,2,1,1,1,34.707491683936006,2.0,1.0,1.0,2,0.0,0.0,3.0,1,75,3,106.99709070708586,1
406,0,1,1,1,36.72009770941755,0.0,2.0,1.0,3,0.0,0.0,1.0,1,17,97,51.69012231290039,1
51,2,1,1,1,25.490567892477326,1.0,2.0,1.0,3,0.0,0.0,2.0,1,100,80,40.604838680058016,1
477,2,1,3,1,6.610723215779871,1.0,1.0,1.0,4,0.0,0.0,1.0,1,19,76,93.41535658074392,1
621,0,1,1,1,203.2817377601492,0.0,1.0,1.0,3,0.0,0.0,2.0,1,2,90,44.69086154922319,1
725,2,1,3,1,49.366529051529255,2.0,0.0,1.0,4,0.0,0.0,3.0,1,84,75,72.21552848211424,1
148,2,1,3,1,4.6126205290581686,1.0,1.0,1.0,3,0.0,0.0,3.0,1,19,52,97.68664816705386,1
765,2,1,1,1,29.592802309902925,1.0,1.0,1.0,3,0.0,0.0,3.0,1,99,60,40.604838680058016,1
493,2,1,3,1,53.23734338295605,2.0,1.0,1.0,4,0.0,0.0,3.0,1,47,99,84.48752719046969,1
998,0,1,1,1,87.27168612449938,0.0,2.0,1.0,4,0.0,0.0,1.0,1,59,79,61.91835758505203,1
53,0,0,1,1,36.89295281712664,0.0,2.0,1.0,3,0.0,0.0,1.0,1,88,38,44.557115426401765,1
323,3,2,1,0,45.27777280153527,0.0,1.0,1.0,0,0.0,4.0,0.0,1,96,37,41.8678098117921,1
830,0,1,1,1,0.6995741690442491,0.0,0.0,1.0,2,0.0,0.0,1.0,1,50,30,54.03060159521941,1
337,2,1,1,1,20.047323329842925,1.0,2.0,1.0,3,0.0,0.0,1.0,1,32,57,78.58665050822567,1
246,2,1,3,1,57.46369272017813,2.0,0.0,1.0,3,0.0,0.0,2.0,1,34,11,66.77012707497488,1
99,2,0,2,1,53.22263032626721,2.0,0.0,1.0,3,0.0,0.0,4.0,1,97,81,47.67510299509769,1
2,2,2,4,1,43.7373423009646,0.0,1.0,1.0,4,0.0,0.0,0.0,1,89,34,74.87301209516045,1
174,2,1,3,1,244.6974374602615,0.0,1.0,1.0,4,0.0,0.0,3.0,1,124,61,61.48755632403254,0
622,2,1,1,1,66.24793903059486,1.0,1.0,1.0,3,0.0,0.0,3.0,1,54,4,68.6463697250727,1
542,2,1,1,1,28.61047544991865,2.0,0.0,1.0,3,0.0,0.0,2.0,1,42,13,84.87200447381724,1
649,2,1,5,1,47.26642801356953,1.0,1.0,1.0,4,0.0,0.0,1.0,1,59,52,87.74636768725138,1
282,2,1,1,1,80.61447592405679,3.0,2.0,3.0,2,0.0,0.0,5.0,0,118,99,60.075024760506224,1
532,2,1,1,1,44.331287589687065,0.0,0.0,1.0,3,0.0,0.0,1.0,1,125,12,46.09388980655012,1
457,0,1,1,1,73.83252901014158,0.0,2.0,1.0,3,0.0,0.0,0.0,1,25,46,60.53800616497344,1
546,2,1,1,1,7.437833769135902,0.0,0.0,1.0,2,0.0,0.0,1.0,1,91,40,56.09688344962229,1
325,0,1,1,1,377.2800914840729,1.0,0.0,1.0,3,0.0,0.0,2.0,0,51,81,66.75011988117477,0
268,0,0,1,1,206.6812803982848,0.0,1.0,1.0,3,0.0,0.0,2.0,1,128,9,89.49670483760693,1
164,0,1,1,1,2.378804534883898,0.0,0.0,1.0,2,0.0,0.0,3.0,1,84,4,69.24335323600516,1
63,2,1,1,1,8.578775824047474,2.0,2.0,1.0,3,0.0,0.0,0.0,1,81,26,61.71569030214479,1
814,2,1,3,1,18.270378727317148,1.0,2.0,1.0,3,0.0,0.0,1.0,0,18,12,77.89019179920797,1
751,2,1,1,1,73.73889875878372,2.0,1.0,1.0,3,0.0,0.0,2.0,1,79,80,55.89083434658451,1
880,2,0,1,1,17.0625735062493,3.0,0.0,2.0,3,0.0,0.0,2.0,1,93,57,71.22712525501093,1
573,2,1,3,1,85.94200045717787,2.0,0.0,1.0,2,0.0,0.0,2.0,1,63,43,61.41148019017746,1
492,3,1,1,0,21.25655506497219,0.0,1.0,1.0,0,0.0,3.0,1.0,1,54,38,56.61145454534141,1
534,2,1,1,1,147.2383396286799,2.0,2.0,1.0,3,0.0,0.0,2.0,1,32,65,73.98897124464835,1
900,2,1,3,1,91.48184144543625,1.0,2.0,1.0,4,0.0,0.0,0.0,1,11,43,92.6442905645228,1
499,0,1,1,1,37.56341389702126,0.0,0.0,1.0,2,0.0,0.0,2.0,1,15,25,54.03060159521941,1
328,2,1,1,1,18.010510932503774,3.0,1.0,1.0,2,0.0,0.0,0.0,1,47,52,78.58665050822567,1
674,2,1,1,1,24.53050167319668,2.0,2.0,2.0,3,0.0,0.0,3.0,0,86,91,82.31930089150171,1
796,2,1,3,1,147.95788526053906,1.0,0.0,1.0,4,0.0,0.0,1.0,1,62,90,70.88064114881571,1
555,2,1,3,1,65.91027412328059,1.0,1.0,1.0,4,0.0,0.0,1.0,1,61,91,81.23159014986058,1
83,3,1,1,0,29.40690000066356,1.0,0.0,1.0,0,0.0,0.0,2.0,1,100,77,41.42406104195242,1
638,0,1,1,1,35.35964472153399,0.0,0.0,1.0,3,0.0,0.0,3.0,1,57,10,51.42898851714119,1
252,0,1,1,1,46.9397308254623,0.0,0.0,1.0,2,0.0,0.0,2.0,1,72,12,42.13800524296774,1
858,2,1,3,1,89.31847427348853,2.0,0.0,1.0,3,0.0,0.0,1.0,1,15,51,83.62137334127559,1
921,2,1,3,1,119.58390136608962,2.0,0.0,1.0,2,0.0,0.0,3.0,1,50,0,75.31437462503789,1
453,2,1,3,1,84.90575285241012,3.0,0.0,1.0,3,0.0,0.0,3.0,1,34,5,83.62137334127559,1
200,2,1,1,1,3.5940575798534216,0.0,0.0,1.0,2,0.0,0.0,1.0,1,62,53,61.208533283227176,1
459,0,1,1,1,37.140319681821126,0.0,0.0,1.0,2,0.0,0.0,3.0,1,50,39,56.61145454534141,1
600,2,1,3,1,26.672434122867603,3.0,0.0,1.0,3,0.0,0.0,1.0,1,79,51,93.4484457804952,1
456,0,1,1,1,265.24436184422325,0.0,0.0,1.0,2,0.0,0.0,2.0,1,100,30,46.157735510055225,1
230,3,2,1,0,4.062428300990388,1.0,1.0,1.0,0,0.0,1.0,0.0,1,40,39,41.8678098117921,1
577,0,1,1,1,87.9696726980268,1.0,2.0,1.0,2,0.0,0.0,5.0,1,10,88,51.42898851714119,1
101,0,1,1,1,8.163860166028574,0.0,0.0,1.0,2,0.0,0.0,1.0,1,73,32,69.24335323600516,1
450,2,1,0,1,22.352286397257668,1.0,2.0,1.0,3,0.0,0.0,6.0,1,15,86,86.67994052052173,1
116,2,1,1,1,150.9104409835046,2.0,2.0,1.0,3,0.0,0.0,3.0,1,43,51,54.79663876765317,1
982,2,1,3,1,42.741855885008064,2.0,0.0,1.0,4,0.0,0.0,3.0,0,69,99,104.82184647120556,1
601,0,1,1,1,48.855430137208245,0.0,0.0,1.0,3,0.0,0.0,2.0,1,62,37,51.69012231290039,1
439,0,1,1,1,48.03108960636171,0.0,0.0,1.0,3,0.0,0.0,2.0,1,21,95,74.18557739342863,1
458,2,0,1,1,53.27191777563846,1.0,2.0,1.0,3,0.0,0.0,3.0,1,79,52,47.35215122448118,1
990,2,1,3,1,59.7853188184579,4.0,1.0,1.0,3,0.0,0.0,4.0,1,19,27,92.6442905645228,1
856,3,1,1,0,8.576336418902441,1.0,0.0,1.0,0,0.0,1.0,1.0,1,20,40,26.76465997718735,1
731,2,1,5,1,35.82823809351013,0.0,0.0,3.0,3,0.0,0.0,1.0,1,128,80,110.22308777920998,1
837,0,1,1,1,126.83552029709747,0.0,1.0,1.0,3,0.0,0.0,3.0,1,127,27,50.98455226724092,1
307,2,1,1,1,202.3627174365974,0.0,0.0,1.0,3,0.0,0.0,3.0,0,106,11,65.49765872445299,0
343,0,1,1,1,266.40446775798176,0.0,2.0,1.0,3,0.0,0.0,3.0,1,44,39,49.2002612542528,1
847,2,1,3,1,72.76409285081955,2.0,2.0,1.0,3,0.0,0.0,4.0,1,57,0,73.02925355081939,1
985,2,1,1,1,60.14046425470687,2.0,1.0,1.0,3,0.0,0.0,3.0,1,106,94,53.20040729831208,1
56,0,1,1,1,3.4860791531640536,0.0,0.0,1.0,2,0.0,0.0,1.0,1,114,70,43.48472044988809,1
720,2,1,1,1,1.9402900288641447,1.0,0.0,1.0,3,0.0,0.0,1.0,1,90,29,64.74425551347765,1
17,2,1,5,1,0.6550982585997802,2.0,0.0,3.0,1,0.0,0.0,3.0,0,64,64,13.700290007851743,1
663,2,1,1,1,42.87052325934417,1.0,1.0,1.0,3,0.0,0.0,2.0,1,79,16,53.23157843779494,1
172,2,1,1,1,141.87322396716542,0.0,0.0,1.0,3,0.0,0.0,3.0,1,0,95,63.38440497260355,1
431,2,1,1,1,43.64046290113309,2.0,0.0,1.0,3,0.0,0.0,1.0,1,71,49,63.23301024174906,1
513,2,1,5,1,28.06428400453399,1.0,1.0,3.0,3,0.0,0.0,3.0,1,29,96,116.86937849292708,1
150,2,1,1,1,269.7899690732992,0.0,0.0,1.0,2,0.0,0.0,3.0,1,28,39,0.0,1
969,2,1,1,1,87.38212677835593,1.0,0.0,1.0,3,0.0,0.0,2.0,1,56,34,68.6463697250727,1
58,2,1,3,1,118.76691920046324,1.0,1.0,1.0,4,0.0,0.0,0.0,1,26,43,89.65380833001775,1
300,0,1,1,1,32.18151551944452,1.0,0.0,1.0,3,0.0,0.0,3.0,1,62,22,51.42898851714119,1
878,2,1,5,1,84.20888191943236,1.0,0.0,3.0,3,0.0,0.0,3.0,0,106,37,121.6190575029438,1
926,0,1,1,1,2.212644343562694,0.0,1.0,1.0,2,0.0,0.0,0.0,1,4,99,48.80522502076072,1
206,0,1,1,1,37.42017415917558,0.0,0.0,1.0,3,0.0,0.0,3.0,1,50,1,61.71569030214479,1
806,0,1,1,1,31.83169137088602,0.0,1.0,1.0,3,0.0,0.0,5.0,1,125,95,43.48472044988809,1
75,0,1,4,1,6.9573173343931485,1.0,1.0,1.0,2,0.0,0.0,2.0,1,19,11,40.78410635535322,1
617,2,1,1,1,5.943466773541107,1.0,0.0,1.0,3,0.0,0.0,1.0,0,122,64,76.88017105638636,1
468,0,1,1,1,4.542297580341541,0.0,1.0,1.0,2,0.0,0.0,1.0,1,5,68,48.80522502076072,1
483,0,1,1,1,335.8238289086317,0.0,1.0,1.0,3,0.0,0.0,4.0,1,28,42,47.749171619580345,1
278,2,1,1,1,63.87139376649022,2.0,1.0,1.0,3,0.0,0.0,4.0,1,89,79,53.20040729831208,1
49,3,2,1,0,12.142839505350208,0.0,0.0,1.0,0,0.0,2.0,1.0,1,49,63,41.8678098117921,1
508,0,1,3,1,3.97150600039535,0.0,1.0,1.0,2,0.0,0.0,2.0,1,26,65,64.24117034196198,1
248,2,1,1,1,58.97872220078594,2.0,0.0,1.0,3,0.0,0.0,3.0,1,70,27,44.07507465031619,1
693,1,1,1,0,0.3645593920461507,1.0,0.0,1.0,0,4.0,18.0,1.0,1,62,23,0.0,1
353,0,1,3,1,70.55039858482667,0.0,1.0,1.0,4,0.0,0.0,1.0,0,59,29,99.7940965199559,1
708,2,2,1,1,41.66014218902019,2.0,2.0,2.0,3,0.0,0.0,5.0,1,6,98,76.63587107871714,1
571,2,1,1,1,54.88615897020159,2.0,0.0,1.0,2,0.0,0.0,3.0,1,106,68,52.15961000359484,1
957,2,1,3,1,54.27148865880385,0.0,3.0,1.0,3,0.0,0.0,8.0,1,5,69,72.21552848211424,1
382,0,1,3,1,2.7891187189194406,0.0,2.0,1.0,2,0.0,0.0,1.0,1,60,7,64.24117034196198,1
351,0,1,1,1,-0.0782271363041154,0.0,1.0,1.0,3,0.0,0.0,3.0,1,127,39,9.300941417031456,1
218,2,2,3,1,25.31746379154789,2.0,1.0,1.0,3,0.0,0.0,3.0,1,78,74,72.45240655007359,1
111,0,1,3,1,57.92525799392566,1.0,1.0,1.0,2,0.0,0.0,3.0,1,15,24,54.52252146250021,1
941,2,1,1,1,181.69231453711996,0.0,0.0,1.0,3,0.0,0.0,3.0,1,15,31,64.24117034196198,1
180,2,1,1,1,9.832661057983488,2.0,2.0,2.0,3,0.0,0.0,1.0,1,25,18,94.07676657485078,1
791,2,1,1,1,18.42199736128537,2.0,0.0,1.0,3,0.0,0.0,2.0,1,29,72,92.97555515328315,1
277,2,1,3,1,39.02887541562122,3.0,0.0,1.0,3,0.0,0.0,4.0,1,70,73,47.34155644421016,1
963,0,1,1,1,336.8942067012707,1.0,1.0,1.0,3,0.0,0.0,2.0,1,44,50,54.37761187258993,1
619,0,1,1,1,57.278018895080855,1.0,1.0,1.0,4,0.0,0.0,2.0,1,79,42,61.71569030214479,1
902,2,1,3,1,30.493771423628097,3.0,0.0,1.0,3,0.0,0.0,1.0,1,44,81,87.50744908772087,1
535,2,1,5,1,11.227492008670524,2.0,0.0,3.0,3,0.0,0.0,2.0,1,27,74,129.2653910250173,1
997,2,1,1,1,50.31820812228241,2.0,1.0,2.0,3,0.0,0.0,3.0,1,103,25,49.62630769963818,1
321,0,1,1,1,36.34673657413234,0.0,0.0,1.0,2,0.0,0.0,3.0,1,50,21,56.61145454534141,1
604,2,1,1,1,27.870563552083247,1.0,0.0,1.0,3,0.0,0.0,4.0,1,77,13,83.93913756007441,1
6,0,1,1,1,0.9975267742243616,0.0,2.0,1.0,4,0.0,0.0,5.0,1,125,99,52.17524742198145,1
354,2,1,3,1,31.44369577193988,2.0,1.0,1.0,3,0.0,0.0,3.0,1,43,79,79.07306831290836,1
702,0,0,1,1,322.0918904297368,0.0,0.0,1.0,3,0.0,0.0,2.0,1,107,93,33.61475808547042,1
366,2,1,3,1,84.26005109104486,1.0,1.0,1.0,3,0.0,0.0,3.0,1,22,30,83.62137334127559,1
659,0,1,3,1,260.62212461977987,2.0,0.0,1.0,3,0.0,0.0,3.0,1,50,91,54.52252146250021,1
273,2,1,0,1,50.99293560435855,0.0,1.0,2.0,4,0.0,0.0,1.0,1,5,6,98.7132204289248,0
198,0,1,4,1,178.597737569883,0.0,0.0,2.0,3,0.0,0.0,2.0,1,2,54,68.04851409829655,1
30,0,1,1,1,79.01106548732595,0.0,1.0,1.0,2,0.0,0.0,2.0,0,33,33,51.95103622181326,1
416,0,1,1,1,90.9578883517363,0.0,1.0,1.0,3,0.0,0.0,2.0,1,37,84,48.80522502076072,1
86,3,2,1,0,2.9206156680222213,0.0,0.0,1.0,0,0.0,1.0,1.0,1,92,69,47.2196880694891,1
154,2,1,0,1,5.256133363412991,1.0,0.0,1.0,3,0.0,0.0,2.0,1,50,0,114.62163863884793,1
635,2,1,1,1,22.57196007056868,0.0,1.0,1.0,3,0.0,0.0,2.0,1,93,1,48.38326494327018,1
554,2,1,3,1,5.814849883683983,0.0,0.0,1.0,3,0.0,0.0,1.0,0,92,86,84.87200447381724,1
427,0,1,3,1,3.0558677993029293,0.0,0.0,1.0,2,0.0,0.0,2.0,1,64,55,64.24117034196198,1
314,2,1,1,1,87.9898449237114,2.0,2.0,1.0,4,0.0,0.0,4.0,1,3,9,65.26174937761677,1
433,0,1,1,1,49.81653751346835,0.0,1.0,1.0,3,0.0,0.0,3.0,1,5,96,52.90932932089871,1
415,2,1,1,1,95.67335144956137,2.0,0.0,1.0,3,0.0,0.0,4.0,1,56,45,68.6463697250727,1
163,0,1,1,1,85.77900701906177,0.0,0.0,1.0,3,0.0,0.0,2.0,1,113,61,46.157735510055225,1
656,0,1,1,1,2.262081622574254,0.0,0.0,1.0,2,0.0,0.0,1.0,1,50,48,64.06493473088574,1
506,2,1,3,1,52.447656302807744,2.0,1.0,1.0,4,0.0,0.0,1.0,1,54,1,87.93742373109995,1
794,0,1,1,1,37.20251872530704,1.0,2.0,1.0,3,0.0,0.0,1.0,1,67,87,46.157735510055225,1
62,2,1,3,1,66.36217956995094,1.0,0.0,1.0,3,0.0,0.0,4.0,1,62,42,58.76423528558156,1
923,2,0,1,1,34.89338216624551,1.0,0.0,1.0,3,0.0,0.0,3.0,1,70,53,63.23301024174906,1
544,3,1,1,0,16.217062066735117,0.0,0.0,1.0,0,0.0,0.0,1.0,1,107,4,40.78410635535322,1
981,2,1,1,1,1.8054622883554088,0.0,2.0,1.0,3,0.0,0.0,3.0,1,94,8,54.43454832211462,1
644,1,1,1,0,3.251481018833408,1.0,0.0,1.0,0,0.0,0.0,2.0,1,93,36,0.0,1
384,0,1,1,1,221.62900132731855,1.0,0.0,1.0,3,0.0,0.0,4.0,1,49,50,49.2002612542528,1
773,2,1,3,1,239.2068244775866,3.0,2.0,1.0,3,0.0,0.0,2.0,1,66,85,59.978283072122814,1
110,0,1,1,1,10.179981469330867,0.0,1.0,1.0,2,0.0,0.0,2.0,1,51,59,68.74592727043351,1
665,2,1,1,1,151.0775964041197,1.0,2.0,1.0,2,0.0,0.0,3.0,1,43,30,52.99772046850682,1
140,0,1,3,1,82.68376857389899,0.0,3.0,1.0,3,0.0,0.0,7.0,1,12,34,54.52252146250021,1
